[{"__symbolic":"module","version":3,"metadata":{"ContextMenuSub":{"__symbolic":"class","decorators":[{"__symbolic":"call","expression":{"__symbolic":"reference","module":"@angular/core","name":"Component"},"arguments":[{"selector":"p-contextMenuSub","template":"\n        <ul [ngClass]=\"{'ui-helper-reset':root, 'ui-widget-content ui-corner-all ui-helper-clearfix ui-menu-child ui-shadow':!root}\" class=\"ui-menu-list\"\n            (click)=\"listClick($event)\">\n            <ng-template ngFor let-child [ngForOf]=\"(root ? item : item.items)\">\n                <li *ngIf=\"child.separator\" class=\"ui-menu-separator ui-widget-content\">\n                <li *ngIf=\"!child.separator\" #item [ngClass]=\"{'ui-menuitem ui-widget ui-corner-all':true,'ui-menu-parent':child.items,'ui-menuitem-active':item==activeItem}\"\n                    (mouseenter)=\"onItemMouseEnter($event,item,child)\" (mouseleave)=\"onItemMouseLeave($event,item)\" [style.display]=\"child.visible === false ? 'none' : 'block'\">\n                    <a *ngIf=\"!child.routerLink\" [href]=\"child.url||'#'\" class=\"ui-menuitem-link ui-corner-all\" [attr.target]=\"child.target\"\n                        [ngClass]=\"{'ui-state-disabled':child.disabled}\" (click)=\"itemClick($event, child)\">\n                        <span class=\"ui-submenu-icon fa fa-fw fa-caret-right\" *ngIf=\"child.items\"></span>\n                        <span class=\"ui-menuitem-icon fa fa-fw\" *ngIf=\"child.icon\" [ngClass]=\"child.icon\"></span>\n                        <span class=\"ui-menuitem-text\">{{child.label}}</span>\n                    </a>\n                    <a *ngIf=\"child.routerLink\" [routerLink]=\"child.routerLink\" [routerLinkActive]=\"'ui-state-active'\" [routerLinkActiveOptions]=\"child.routerLinkActiveOptions||{exact:false}\" class=\"ui-menuitem-link ui-corner-all\" [attr.target]=\"child.target\"\n                        [ngClass]=\"{'ui-state-disabled':child.disabled}\" (click)=\"itemClick($event, child)\">\n                        <span class=\"ui-submenu-icon fa fa-fw fa-caret-right\" *ngIf=\"child.items\"></span>\n                        <span class=\"ui-menuitem-icon fa fa-fw\" *ngIf=\"child.icon\" [ngClass]=\"child.icon\"></span>\n                        <span class=\"ui-menuitem-text\">{{child.label}}</span>\n                    </a>\n                    <p-contextMenuSub class=\"ui-submenu\" [item]=\"child\" *ngIf=\"child.items\"></p-contextMenuSub>\n                </li>\n            </ng-template>\n        </ul>\n    ","providers":[{"__symbolic":"reference","module":"../dom/domhandler","name":"DomHandler"}]}]}],"members":{"item":[{"__symbolic":"property","decorators":[{"__symbolic":"call","expression":{"__symbolic":"reference","module":"@angular/core","name":"Input"}}]}],"root":[{"__symbolic":"property","decorators":[{"__symbolic":"call","expression":{"__symbolic":"reference","module":"@angular/core","name":"Input"}}]}],"__ctor__":[{"__symbolic":"constructor","parameterDecorators":[null,[{"__symbolic":"call","expression":{"__symbolic":"reference","module":"@angular/core","name":"Inject"},"arguments":[{"__symbolic":"reference","name":"ContextMenu"}]}]],"parameters":[{"__symbolic":"reference","module":"../dom/domhandler","name":"DomHandler"},{"__symbolic":"reference","name":"ContextMenu"}]}],"onItemMouseEnter":[{"__symbolic":"method"}],"onItemMouseLeave":[{"__symbolic":"method"}],"itemClick":[{"__symbolic":"method"}],"listClick":[{"__symbolic":"method"}],"position":[{"__symbolic":"method"}],"calculateScrollbarWidth":[{"__symbolic":"method"}]}},"ContextMenu":{"__symbolic":"class","decorators":[{"__symbolic":"call","expression":{"__symbolic":"reference","module":"@angular/core","name":"Component"},"arguments":[{"selector":"p-contextMenu","template":"\n        <div #container [ngClass]=\"'ui-contextmenu ui-menu ui-widget ui-widget-content ui-corner-all ui-helper-clearfix ui-menu-dynamic ui-shadow'\" \n            [class]=\"styleClass\" [ngStyle]=\"style\" [style.display]=\"visible ? 'block' : 'none'\">\n            <p-contextMenuSub [item]=\"model\" root=\"root\"></p-contextMenuSub>\n        </div>\n    ","providers":[{"__symbolic":"reference","module":"../dom/domhandler","name":"DomHandler"}]}]}],"members":{"model":[{"__symbolic":"property","decorators":[{"__symbolic":"call","expression":{"__symbolic":"reference","module":"@angular/core","name":"Input"}}]}],"global":[{"__symbolic":"property","decorators":[{"__symbolic":"call","expression":{"__symbolic":"reference","module":"@angular/core","name":"Input"}}]}],"target":[{"__symbolic":"property","decorators":[{"__symbolic":"call","expression":{"__symbolic":"reference","module":"@angular/core","name":"Input"}}]}],"style":[{"__symbolic":"property","decorators":[{"__symbolic":"call","expression":{"__symbolic":"reference","module":"@angular/core","name":"Input"}}]}],"styleClass":[{"__symbolic":"property","decorators":[{"__symbolic":"call","expression":{"__symbolic":"reference","module":"@angular/core","name":"Input"}}]}],"appendTo":[{"__symbolic":"property","decorators":[{"__symbolic":"call","expression":{"__symbolic":"reference","module":"@angular/core","name":"Input"}}]}],"containerViewChild":[{"__symbolic":"property","decorators":[{"__symbolic":"call","expression":{"__symbolic":"reference","module":"@angular/core","name":"ViewChild"},"arguments":["container"]}]}],"__ctor__":[{"__symbolic":"constructor","parameters":[{"__symbolic":"reference","module":"@angular/core","name":"ElementRef"},{"__symbolic":"reference","module":"../dom/domhandler","name":"DomHandler"},{"__symbolic":"reference","module":"@angular/core","name":"Renderer2"}]}],"ngAfterViewInit":[{"__symbolic":"method"}],"show":[{"__symbolic":"method"}],"hide":[{"__symbolic":"method"}],"toggle":[{"__symbolic":"method"}],"position":[{"__symbolic":"method"}],"ngOnDestroy":[{"__symbolic":"method"}]}},"ContextMenuModule":{"__symbolic":"class","decorators":[{"__symbolic":"call","expression":{"__symbolic":"reference","module":"@angular/core","name":"NgModule"},"arguments":[{"imports":[{"__symbolic":"reference","module":"@angular/common","name":"CommonModule"},{"__symbolic":"reference","module":"@angular/router","name":"RouterModule"}],"exports":[{"__symbolic":"reference","name":"ContextMenu"},{"__symbolic":"reference","module":"@angular/router","name":"RouterModule"}],"declarations":[{"__symbolic":"reference","name":"ContextMenu"},{"__symbolic":"reference","name":"ContextMenuSub"}]}]}]}}},{"__symbolic":"module","version":1,"metadata":{"ContextMenuSub":{"__symbolic":"class","decorators":[{"__symbolic":"call","expression":{"__symbolic":"reference","module":"@angular/core","name":"Component"},"arguments":[{"selector":"p-contextMenuSub","template":"\n        <ul [ngClass]=\"{'ui-helper-reset':root, 'ui-widget-content ui-corner-all ui-helper-clearfix ui-menu-child ui-shadow':!root}\" class=\"ui-menu-list\"\n            (click)=\"listClick($event)\">\n            <ng-template ngFor let-child [ngForOf]=\"(root ? item : item.items)\">\n                <li *ngIf=\"child.separator\" class=\"ui-menu-separator ui-widget-content\">\n                <li *ngIf=\"!child.separator\" #item [ngClass]=\"{'ui-menuitem ui-widget ui-corner-all':true,'ui-menu-parent':child.items,'ui-menuitem-active':item==activeItem}\"\n                    (mouseenter)=\"onItemMouseEnter($event,item,child)\" (mouseleave)=\"onItemMouseLeave($event,item)\" [style.display]=\"child.visible === false ? 'none' : 'block'\">\n                    <a *ngIf=\"!child.routerLink\" [href]=\"child.url||'#'\" class=\"ui-menuitem-link ui-corner-all\" [attr.target]=\"child.target\"\n                        [ngClass]=\"{'ui-state-disabled':child.disabled}\" (click)=\"itemClick($event, child)\">\n                        <span class=\"ui-submenu-icon fa fa-fw fa-caret-right\" *ngIf=\"child.items\"></span>\n                        <span class=\"ui-menuitem-icon fa fa-fw\" *ngIf=\"child.icon\" [ngClass]=\"child.icon\"></span>\n                        <span class=\"ui-menuitem-text\">{{child.label}}</span>\n                    </a>\n                    <a *ngIf=\"child.routerLink\" [routerLink]=\"child.routerLink\" [routerLinkActive]=\"'ui-state-active'\" [routerLinkActiveOptions]=\"child.routerLinkActiveOptions||{exact:false}\" class=\"ui-menuitem-link ui-corner-all\" [attr.target]=\"child.target\"\n                        [ngClass]=\"{'ui-state-disabled':child.disabled}\" (click)=\"itemClick($event, child)\">\n                        <span class=\"ui-submenu-icon fa fa-fw fa-caret-right\" *ngIf=\"child.items\"></span>\n                        <span class=\"ui-menuitem-icon fa fa-fw\" *ngIf=\"child.icon\" [ngClass]=\"child.icon\"></span>\n                        <span class=\"ui-menuitem-text\">{{child.label}}</span>\n                    </a>\n                    <p-contextMenuSub class=\"ui-submenu\" [item]=\"child\" *ngIf=\"child.items\"></p-contextMenuSub>\n                </li>\n            </ng-template>\n        </ul>\n    ","providers":[{"__symbolic":"reference","module":"../dom/domhandler","name":"DomHandler"}]}]}],"members":{"item":[{"__symbolic":"property","decorators":[{"__symbolic":"call","expression":{"__symbolic":"reference","module":"@angular/core","name":"Input"}}]}],"root":[{"__symbolic":"property","decorators":[{"__symbolic":"call","expression":{"__symbolic":"reference","module":"@angular/core","name":"Input"}}]}],"__ctor__":[{"__symbolic":"constructor","parameterDecorators":[null,[{"__symbolic":"call","expression":{"__symbolic":"reference","module":"@angular/core","name":"Inject"},"arguments":[{"__symbolic":"reference","name":"ContextMenu"}]}]],"parameters":[{"__symbolic":"reference","module":"../dom/domhandler","name":"DomHandler"},{"__symbolic":"reference","name":"ContextMenu"}]}],"onItemMouseEnter":[{"__symbolic":"method"}],"onItemMouseLeave":[{"__symbolic":"method"}],"itemClick":[{"__symbolic":"method"}],"listClick":[{"__symbolic":"method"}],"position":[{"__symbolic":"method"}],"calculateScrollbarWidth":[{"__symbolic":"method"}]}},"ContextMenu":{"__symbolic":"class","decorators":[{"__symbolic":"call","expression":{"__symbolic":"reference","module":"@angular/core","name":"Component"},"arguments":[{"selector":"p-contextMenu","template":"\n        <div #container [ngClass]=\"'ui-contextmenu ui-menu ui-widget ui-widget-content ui-corner-all ui-helper-clearfix ui-menu-dynamic ui-shadow'\" \n            [class]=\"styleClass\" [ngStyle]=\"style\" [style.display]=\"visible ? 'block' : 'none'\">\n            <p-contextMenuSub [item]=\"model\" root=\"root\"></p-contextMenuSub>\n        </div>\n    ","providers":[{"__symbolic":"reference","module":"../dom/domhandler","name":"DomHandler"}]}]}],"members":{"model":[{"__symbolic":"property","decorators":[{"__symbolic":"call","expression":{"__symbolic":"reference","module":"@angular/core","name":"Input"}}]}],"global":[{"__symbolic":"property","decorators":[{"__symbolic":"call","expression":{"__symbolic":"reference","module":"@angular/core","name":"Input"}}]}],"target":[{"__symbolic":"property","decorators":[{"__symbolic":"call","expression":{"__symbolic":"reference","module":"@angular/core","name":"Input"}}]}],"style":[{"__symbolic":"property","decorators":[{"__symbolic":"call","expression":{"__symbolic":"reference","module":"@angular/core","name":"Input"}}]}],"styleClass":[{"__symbolic":"property","decorators":[{"__symbolic":"call","expression":{"__symbolic":"reference","module":"@angular/core","name":"Input"}}]}],"appendTo":[{"__symbolic":"property","decorators":[{"__symbolic":"call","expression":{"__symbolic":"reference","module":"@angular/core","name":"Input"}}]}],"containerViewChild":[{"__symbolic":"property","decorators":[{"__symbolic":"call","expression":{"__symbolic":"reference","module":"@angular/core","name":"ViewChild"},"arguments":["container"]}]}],"__ctor__":[{"__symbolic":"constructor","parameters":[{"__symbolic":"reference","module":"@angular/core","name":"ElementRef"},{"__symbolic":"reference","module":"../dom/domhandler","name":"DomHandler"},{"__symbolic":"reference","module":"@angular/core","name":"Renderer2"}]}],"ngAfterViewInit":[{"__symbolic":"method"}],"show":[{"__symbolic":"method"}],"hide":[{"__symbolic":"method"}],"toggle":[{"__symbolic":"method"}],"position":[{"__symbolic":"method"}],"ngOnDestroy":[{"__symbolic":"method"}]}},"ContextMenuModule":{"__symbolic":"class","decorators":[{"__symbolic":"call","expression":{"__symbolic":"reference","module":"@angular/core","name":"NgModule"},"arguments":[{"imports":[{"__symbolic":"reference","module":"@angular/common","name":"CommonModule"},{"__symbolic":"reference","module":"@angular/router","name":"RouterModule"}],"exports":[{"__symbolic":"reference","name":"ContextMenu"},{"__symbolic":"reference","module":"@angular/router","name":"RouterModule"}],"declarations":[{"__symbolic":"reference","name":"ContextMenu"},{"__symbolic":"reference","name":"ContextMenuSub"}]}]}]}}}]