[{"__symbolic":"module","version":3,"metadata":{"SLIDER_VALUE_ACCESSOR":{"provide":{"__symbolic":"reference","module":"@angular/forms","name":"NG_VALUE_ACCESSOR"},"useExisting":{"__symbolic":"reference","name":"Slider"},"multi":true},"Slider":{"__symbolic":"class","decorators":[{"__symbolic":"call","expression":{"__symbolic":"reference","module":"@angular/core","name":"Component"},"arguments":[{"selector":"p-slider","template":"\n        <div [ngStyle]=\"style\" [class]=\"styleClass\" [ngClass]=\"{'ui-slider ui-widget ui-widget-content ui-corner-all':true,'ui-state-disabled':disabled,\n            'ui-slider-horizontal':orientation == 'horizontal','ui-slider-vertical':orientation == 'vertical','ui-slider-animate':animate}\"\n            (click)=\"onBarClick($event)\">\n            <span *ngIf=\"range\" class=\"ui-slider-range ui-widget-header ui-corner-all\" [ngStyle]=\"{'left':handleValues[0] + '%',width: (handleValues[1] - handleValues[0] + '%')}\"></span>\n            <span *ngIf=\"orientation=='vertical'\" class=\"ui-slider-range ui-slider-range-min ui-widget-header ui-corner-all\" [ngStyle]=\"{'height': handleValue + '%'}\"></span>\n            <span *ngIf=\"!range\" class=\"ui-slider-handle ui-state-default ui-corner-all ui-clickable\" (mousedown)=\"onMouseDown($event)\" (touchstart)=\"onTouchStart($event)\" (touchmove)=\"onTouchMove($event)\" (touchend)=\"dragging=false\"\n                [style.transition]=\"dragging ? 'none': null\" [ngStyle]=\"{'left': orientation == 'horizontal' ? handleValue + '%' : null,'bottom': orientation == 'vertical' ? handleValue + '%' : null}\"></span>\n            <span *ngIf=\"range\" (mousedown)=\"onMouseDown($event,0)\" (touchstart)=\"onTouchStart($event,0)\" (touchmove)=\"onTouchMove($event,0)\" (touchend)=\"dragging=false\" [style.transition]=\"dragging ? 'none': null\" class=\"ui-slider-handle ui-state-default ui-corner-all ui-clickable\" \n                [ngStyle]=\"{'left':handleValues[0] + '%'}\" [ngClass]=\"{'ui-slider-handle-active':handleIndex==0}\"></span>\n            <span *ngIf=\"range\" (mousedown)=\"onMouseDown($event,1)\" (touchstart)=\"onTouchStart($event,1)\" (touchmove)=\"onTouchMove($event,1)\" (touchend)=\"dragging=false\" [style.transition]=\"dragging ? 'none': null\" class=\"ui-slider-handle ui-state-default ui-corner-all ui-clickable\" \n                [ngStyle]=\"{'left':handleValues[1] + '%'}\" [ngClass]=\"{'ui-slider-handle-active':handleIndex==1}\"></span>\n        </div>\n    ","providers":[{"__symbolic":"reference","name":"SLIDER_VALUE_ACCESSOR"},{"__symbolic":"reference","module":"../dom/domhandler","name":"DomHandler"}]}]}],"members":{"animate":[{"__symbolic":"property","decorators":[{"__symbolic":"call","expression":{"__symbolic":"reference","module":"@angular/core","name":"Input"}}]}],"disabled":[{"__symbolic":"property","decorators":[{"__symbolic":"call","expression":{"__symbolic":"reference","module":"@angular/core","name":"Input"}}]}],"min":[{"__symbolic":"property","decorators":[{"__symbolic":"call","expression":{"__symbolic":"reference","module":"@angular/core","name":"Input"}}]}],"max":[{"__symbolic":"property","decorators":[{"__symbolic":"call","expression":{"__symbolic":"reference","module":"@angular/core","name":"Input"}}]}],"orientation":[{"__symbolic":"property","decorators":[{"__symbolic":"call","expression":{"__symbolic":"reference","module":"@angular/core","name":"Input"}}]}],"step":[{"__symbolic":"property","decorators":[{"__symbolic":"call","expression":{"__symbolic":"reference","module":"@angular/core","name":"Input"}}]}],"range":[{"__symbolic":"property","decorators":[{"__symbolic":"call","expression":{"__symbolic":"reference","module":"@angular/core","name":"Input"}}]}],"style":[{"__symbolic":"property","decorators":[{"__symbolic":"call","expression":{"__symbolic":"reference","module":"@angular/core","name":"Input"}}]}],"styleClass":[{"__symbolic":"property","decorators":[{"__symbolic":"call","expression":{"__symbolic":"reference","module":"@angular/core","name":"Input"}}]}],"onChange":[{"__symbolic":"property","decorators":[{"__symbolic":"call","expression":{"__symbolic":"reference","module":"@angular/core","name":"Output"}}]}],"onSlideEnd":[{"__symbolic":"property","decorators":[{"__symbolic":"call","expression":{"__symbolic":"reference","module":"@angular/core","name":"Output"}}]}],"__ctor__":[{"__symbolic":"constructor","parameters":[{"__symbolic":"reference","module":"@angular/core","name":"ElementRef"},{"__symbolic":"reference","module":"../dom/domhandler","name":"DomHandler"},{"__symbolic":"reference","module":"@angular/core","name":"Renderer2"}]}],"onMouseDown":[{"__symbolic":"method"}],"onTouchStart":[{"__symbolic":"method"}],"onTouchMove":[{"__symbolic":"method"}],"onBarClick":[{"__symbolic":"method"}],"ngAfterViewInit":[{"__symbolic":"method"}],"handleChange":[{"__symbolic":"method"}],"setValueFromHandle":[{"__symbolic":"method"}],"handleStepChange":[{"__symbolic":"method"}],"writeValue":[{"__symbolic":"method"}],"registerOnChange":[{"__symbolic":"method"}],"registerOnTouched":[{"__symbolic":"method"}],"setDisabledState":[{"__symbolic":"method"}],"updateDomData":[{"__symbolic":"method"}],"calculateHandleValue":[{"__symbolic":"method"}],"updateHandleValue":[{"__symbolic":"method"}],"updateValue":[{"__symbolic":"method"}],"getValueFromHandle":[{"__symbolic":"method"}],"ngOnDestroy":[{"__symbolic":"method"}]}},"SliderModule":{"__symbolic":"class","decorators":[{"__symbolic":"call","expression":{"__symbolic":"reference","module":"@angular/core","name":"NgModule"},"arguments":[{"imports":[{"__symbolic":"reference","module":"@angular/common","name":"CommonModule"}],"exports":[{"__symbolic":"reference","name":"Slider"}],"declarations":[{"__symbolic":"reference","name":"Slider"}]}]}]}}},{"__symbolic":"module","version":1,"metadata":{"SLIDER_VALUE_ACCESSOR":{"provide":{"__symbolic":"reference","module":"@angular/forms","name":"NG_VALUE_ACCESSOR"},"useExisting":{"__symbolic":"reference","name":"Slider"},"multi":true},"Slider":{"__symbolic":"class","decorators":[{"__symbolic":"call","expression":{"__symbolic":"reference","module":"@angular/core","name":"Component"},"arguments":[{"selector":"p-slider","template":"\n        <div [ngStyle]=\"style\" [class]=\"styleClass\" [ngClass]=\"{'ui-slider ui-widget ui-widget-content ui-corner-all':true,'ui-state-disabled':disabled,\n            'ui-slider-horizontal':orientation == 'horizontal','ui-slider-vertical':orientation == 'vertical','ui-slider-animate':animate}\"\n            (click)=\"onBarClick($event)\">\n            <span *ngIf=\"range\" class=\"ui-slider-range ui-widget-header ui-corner-all\" [ngStyle]=\"{'left':handleValues[0] + '%',width: (handleValues[1] - handleValues[0] + '%')}\"></span>\n            <span *ngIf=\"orientation=='vertical'\" class=\"ui-slider-range ui-slider-range-min ui-widget-header ui-corner-all\" [ngStyle]=\"{'height': handleValue + '%'}\"></span>\n            <span *ngIf=\"!range\" class=\"ui-slider-handle ui-state-default ui-corner-all ui-clickable\" (mousedown)=\"onMouseDown($event)\" (touchstart)=\"onTouchStart($event)\" (touchmove)=\"onTouchMove($event)\" (touchend)=\"dragging=false\"\n                [style.transition]=\"dragging ? 'none': null\" [ngStyle]=\"{'left': orientation == 'horizontal' ? handleValue + '%' : null,'bottom': orientation == 'vertical' ? handleValue + '%' : null}\"></span>\n            <span *ngIf=\"range\" (mousedown)=\"onMouseDown($event,0)\" (touchstart)=\"onTouchStart($event,0)\" (touchmove)=\"onTouchMove($event,0)\" (touchend)=\"dragging=false\" [style.transition]=\"dragging ? 'none': null\" class=\"ui-slider-handle ui-state-default ui-corner-all ui-clickable\" \n                [ngStyle]=\"{'left':handleValues[0] + '%'}\" [ngClass]=\"{'ui-slider-handle-active':handleIndex==0}\"></span>\n            <span *ngIf=\"range\" (mousedown)=\"onMouseDown($event,1)\" (touchstart)=\"onTouchStart($event,1)\" (touchmove)=\"onTouchMove($event,1)\" (touchend)=\"dragging=false\" [style.transition]=\"dragging ? 'none': null\" class=\"ui-slider-handle ui-state-default ui-corner-all ui-clickable\" \n                [ngStyle]=\"{'left':handleValues[1] + '%'}\" [ngClass]=\"{'ui-slider-handle-active':handleIndex==1}\"></span>\n        </div>\n    ","providers":[{"__symbolic":"reference","name":"SLIDER_VALUE_ACCESSOR"},{"__symbolic":"reference","module":"../dom/domhandler","name":"DomHandler"}]}]}],"members":{"animate":[{"__symbolic":"property","decorators":[{"__symbolic":"call","expression":{"__symbolic":"reference","module":"@angular/core","name":"Input"}}]}],"disabled":[{"__symbolic":"property","decorators":[{"__symbolic":"call","expression":{"__symbolic":"reference","module":"@angular/core","name":"Input"}}]}],"min":[{"__symbolic":"property","decorators":[{"__symbolic":"call","expression":{"__symbolic":"reference","module":"@angular/core","name":"Input"}}]}],"max":[{"__symbolic":"property","decorators":[{"__symbolic":"call","expression":{"__symbolic":"reference","module":"@angular/core","name":"Input"}}]}],"orientation":[{"__symbolic":"property","decorators":[{"__symbolic":"call","expression":{"__symbolic":"reference","module":"@angular/core","name":"Input"}}]}],"step":[{"__symbolic":"property","decorators":[{"__symbolic":"call","expression":{"__symbolic":"reference","module":"@angular/core","name":"Input"}}]}],"range":[{"__symbolic":"property","decorators":[{"__symbolic":"call","expression":{"__symbolic":"reference","module":"@angular/core","name":"Input"}}]}],"style":[{"__symbolic":"property","decorators":[{"__symbolic":"call","expression":{"__symbolic":"reference","module":"@angular/core","name":"Input"}}]}],"styleClass":[{"__symbolic":"property","decorators":[{"__symbolic":"call","expression":{"__symbolic":"reference","module":"@angular/core","name":"Input"}}]}],"onChange":[{"__symbolic":"property","decorators":[{"__symbolic":"call","expression":{"__symbolic":"reference","module":"@angular/core","name":"Output"}}]}],"onSlideEnd":[{"__symbolic":"property","decorators":[{"__symbolic":"call","expression":{"__symbolic":"reference","module":"@angular/core","name":"Output"}}]}],"__ctor__":[{"__symbolic":"constructor","parameters":[{"__symbolic":"reference","module":"@angular/core","name":"ElementRef"},{"__symbolic":"reference","module":"../dom/domhandler","name":"DomHandler"},{"__symbolic":"reference","module":"@angular/core","name":"Renderer2"}]}],"onMouseDown":[{"__symbolic":"method"}],"onTouchStart":[{"__symbolic":"method"}],"onTouchMove":[{"__symbolic":"method"}],"onBarClick":[{"__symbolic":"method"}],"ngAfterViewInit":[{"__symbolic":"method"}],"handleChange":[{"__symbolic":"method"}],"setValueFromHandle":[{"__symbolic":"method"}],"handleStepChange":[{"__symbolic":"method"}],"writeValue":[{"__symbolic":"method"}],"registerOnChange":[{"__symbolic":"method"}],"registerOnTouched":[{"__symbolic":"method"}],"setDisabledState":[{"__symbolic":"method"}],"updateDomData":[{"__symbolic":"method"}],"calculateHandleValue":[{"__symbolic":"method"}],"updateHandleValue":[{"__symbolic":"method"}],"updateValue":[{"__symbolic":"method"}],"getValueFromHandle":[{"__symbolic":"method"}],"ngOnDestroy":[{"__symbolic":"method"}]}},"SliderModule":{"__symbolic":"class","decorators":[{"__symbolic":"call","expression":{"__symbolic":"reference","module":"@angular/core","name":"NgModule"},"arguments":[{"imports":[{"__symbolic":"reference","module":"@angular/common","name":"CommonModule"}],"exports":[{"__symbolic":"reference","name":"Slider"}],"declarations":[{"__symbolic":"reference","name":"Slider"}]}]}]}}}]