[{"__symbolic":"module","version":3,"metadata":{"LISTBOX_VALUE_ACCESSOR":{"provide":{"__symbolic":"reference","module":"@angular/forms","name":"NG_VALUE_ACCESSOR"},"useExisting":{"__symbolic":"reference","name":"Listbox"},"multi":true},"Listbox":{"__symbolic":"class","decorators":[{"__symbolic":"call","expression":{"__symbolic":"reference","module":"@angular/core","name":"Component"},"arguments":[{"selector":"p-listbox","template":"\n        <div [ngClass]=\"{'ui-listbox ui-inputtext ui-widget ui-widget-content ui-corner-all':true,'ui-state-disabled':disabled}\" [ngStyle]=\"style\" [class]=\"styleClass\">\n            <div class=\"ui-widget-header ui-corner-all ui-listbox-header ui-helper-clearfix\" *ngIf=\"(checkbox && multiple) || filter\" [ngClass]=\"{'ui-listbox-header-w-checkbox': checkbox}\">\n                <div class=\"ui-chkbox ui-widget\" *ngIf=\"checkbox && multiple\">\n                    <div class=\"ui-helper-hidden-accessible\">\n                        <input #cb type=\"checkbox\" readonly=\"readonly\" [checked]=\"allChecked\">\n                    </div>\n                    <div class=\"ui-chkbox-box ui-widget ui-corner-all ui-state-default\" [ngClass]=\"{'ui-state-active':allChecked}\" (click)=\"toggleAll($event,cb)\">\n                        <span class=\"ui-chkbox-icon ui-clickable\" [ngClass]=\"{'fa fa-check':allChecked}\"></span>\n                    </div>\n                </div>\n                <div class=\"ui-listbox-filter-container\" *ngIf=\"filter\">\n                    <input type=\"text\" role=\"textbox\" (input)=\"onFilter($event)\" class=\"ui-inputtext ui-widget ui-state-default ui-corner-all\" [disabled]=\"disabled\">\n                    <span class=\"fa fa-search\"></span>\n                </div>\n            </div>\n            <ul class=\"ui-listbox-list\">\n                <li *ngFor=\"let option of options; let i = index;\" [style.display]=\"isItemVisible(option) ? 'block' : 'none'\"\n                    [ngClass]=\"{'ui-listbox-item ui-corner-all':true,'ui-state-highlight':isSelected(option)}\"\n                    (click)=\"onOptionClick($event,option)\" (dblclick)=\"onDoubleClick($event,option)\" (touchend)=\"onOptionTouchEnd($event,option)\">\n                    <div class=\"ui-chkbox ui-widget\" *ngIf=\"checkbox && multiple\" (click)=\"onCheckboxClick($event,option)\">\n                        <div class=\"ui-helper-hidden-accessible\">\n                            <input type=\"checkbox\" [checked]=\"isSelected(option)\" [disabled]=\"disabled\">\n                        </div>\n                        <div class=\"ui-chkbox-box ui-widget ui-corner-all ui-state-default\" [ngClass]=\"{'ui-state-active':isSelected(option)}\">\n                            <span class=\"ui-chkbox-icon ui-clickable\" [ngClass]=\"{'fa fa-check':isSelected(option)}\"></span>\n                        </div>\n                    </div>\n                    <span *ngIf=\"!itemTemplate\">{{option.label}}</span>\n                    <ng-template *ngIf=\"itemTemplate\" [pTemplateWrapper]=\"itemTemplate\" [item]=\"option\" [index]=\"i\"></ng-template>\n                </li>\n            </ul>\n        </div>\n    ","providers":[{"__symbolic":"reference","module":"../dom/domhandler","name":"DomHandler"},{"__symbolic":"reference","module":"../utils/objectutils","name":"ObjectUtils"},{"__symbolic":"reference","name":"LISTBOX_VALUE_ACCESSOR"}]}]}],"members":{"options":[{"__symbolic":"property","decorators":[{"__symbolic":"call","expression":{"__symbolic":"reference","module":"@angular/core","name":"Input"}}]}],"multiple":[{"__symbolic":"property","decorators":[{"__symbolic":"call","expression":{"__symbolic":"reference","module":"@angular/core","name":"Input"}}]}],"style":[{"__symbolic":"property","decorators":[{"__symbolic":"call","expression":{"__symbolic":"reference","module":"@angular/core","name":"Input"}}]}],"styleClass":[{"__symbolic":"property","decorators":[{"__symbolic":"call","expression":{"__symbolic":"reference","module":"@angular/core","name":"Input"}}]}],"disabled":[{"__symbolic":"property","decorators":[{"__symbolic":"call","expression":{"__symbolic":"reference","module":"@angular/core","name":"Input"}}]}],"checkbox":[{"__symbolic":"property","decorators":[{"__symbolic":"call","expression":{"__symbolic":"reference","module":"@angular/core","name":"Input"}}]}],"filter":[{"__symbolic":"property","decorators":[{"__symbolic":"call","expression":{"__symbolic":"reference","module":"@angular/core","name":"Input"}}]}],"metaKeySelection":[{"__symbolic":"property","decorators":[{"__symbolic":"call","expression":{"__symbolic":"reference","module":"@angular/core","name":"Input"}}]}],"dataKey":[{"__symbolic":"property","decorators":[{"__symbolic":"call","expression":{"__symbolic":"reference","module":"@angular/core","name":"Input"}}]}],"onChange":[{"__symbolic":"property","decorators":[{"__symbolic":"call","expression":{"__symbolic":"reference","module":"@angular/core","name":"Output"}}]}],"onDblClick":[{"__symbolic":"property","decorators":[{"__symbolic":"call","expression":{"__symbolic":"reference","module":"@angular/core","name":"Output"}}]}],"templates":[{"__symbolic":"property","decorators":[{"__symbolic":"call","expression":{"__symbolic":"reference","module":"@angular/core","name":"ContentChildren"},"arguments":[{"__symbolic":"reference","module":"../common/shared","name":"PrimeTemplate"}]}]}],"__ctor__":[{"__symbolic":"constructor","parameters":[{"__symbolic":"reference","module":"@angular/core","name":"ElementRef"},{"__symbolic":"reference","module":"../dom/domhandler","name":"DomHandler"},{"__symbolic":"reference","module":"../utils/objectutils","name":"ObjectUtils"}]}],"ngAfterContentInit":[{"__symbolic":"method"}],"writeValue":[{"__symbolic":"method"}],"registerOnChange":[{"__symbolic":"method"}],"registerOnTouched":[{"__symbolic":"method"}],"setDisabledState":[{"__symbolic":"method"}],"onOptionClick":[{"__symbolic":"method"}],"onOptionTouchEnd":[{"__symbolic":"method"}],"onOptionClickSingle":[{"__symbolic":"method"}],"onOptionClickMultiple":[{"__symbolic":"method"}],"removeOption":[{"__symbolic":"method"}],"isSelected":[{"__symbolic":"method"}],"allFilteredSelected":[{"__symbolic":"method"}],"onFilter":[{"__symbolic":"method"}],"toggleAll":[{"__symbolic":"method"}],"isItemVisible":[{"__symbolic":"method"}],"onDoubleClick":[{"__symbolic":"method"}],"onCheckboxClick":[{"__symbolic":"method"}]}},"ListboxModule":{"__symbolic":"class","decorators":[{"__symbolic":"call","expression":{"__symbolic":"reference","module":"@angular/core","name":"NgModule"},"arguments":[{"imports":[{"__symbolic":"reference","module":"@angular/common","name":"CommonModule"},{"__symbolic":"reference","module":"../common/shared","name":"SharedModule"}],"exports":[{"__symbolic":"reference","name":"Listbox"},{"__symbolic":"reference","module":"../common/shared","name":"SharedModule"}],"declarations":[{"__symbolic":"reference","name":"Listbox"}]}]}]}}},{"__symbolic":"module","version":1,"metadata":{"LISTBOX_VALUE_ACCESSOR":{"provide":{"__symbolic":"reference","module":"@angular/forms","name":"NG_VALUE_ACCESSOR"},"useExisting":{"__symbolic":"reference","name":"Listbox"},"multi":true},"Listbox":{"__symbolic":"class","decorators":[{"__symbolic":"call","expression":{"__symbolic":"reference","module":"@angular/core","name":"Component"},"arguments":[{"selector":"p-listbox","template":"\n        <div [ngClass]=\"{'ui-listbox ui-inputtext ui-widget ui-widget-content ui-corner-all':true,'ui-state-disabled':disabled}\" [ngStyle]=\"style\" [class]=\"styleClass\">\n            <div class=\"ui-widget-header ui-corner-all ui-listbox-header ui-helper-clearfix\" *ngIf=\"(checkbox && multiple) || filter\" [ngClass]=\"{'ui-listbox-header-w-checkbox': checkbox}\">\n                <div class=\"ui-chkbox ui-widget\" *ngIf=\"checkbox && multiple\">\n                    <div class=\"ui-helper-hidden-accessible\">\n                        <input #cb type=\"checkbox\" readonly=\"readonly\" [checked]=\"allChecked\">\n                    </div>\n                    <div class=\"ui-chkbox-box ui-widget ui-corner-all ui-state-default\" [ngClass]=\"{'ui-state-active':allChecked}\" (click)=\"toggleAll($event,cb)\">\n                        <span class=\"ui-chkbox-icon ui-clickable\" [ngClass]=\"{'fa fa-check':allChecked}\"></span>\n                    </div>\n                </div>\n                <div class=\"ui-listbox-filter-container\" *ngIf=\"filter\">\n                    <input type=\"text\" role=\"textbox\" (input)=\"onFilter($event)\" class=\"ui-inputtext ui-widget ui-state-default ui-corner-all\" [disabled]=\"disabled\">\n                    <span class=\"fa fa-search\"></span>\n                </div>\n            </div>\n            <ul class=\"ui-listbox-list\">\n                <li *ngFor=\"let option of options; let i = index;\" [style.display]=\"isItemVisible(option) ? 'block' : 'none'\"\n                    [ngClass]=\"{'ui-listbox-item ui-corner-all':true,'ui-state-highlight':isSelected(option)}\"\n                    (click)=\"onOptionClick($event,option)\" (dblclick)=\"onDoubleClick($event,option)\" (touchend)=\"onOptionTouchEnd($event,option)\">\n                    <div class=\"ui-chkbox ui-widget\" *ngIf=\"checkbox && multiple\" (click)=\"onCheckboxClick($event,option)\">\n                        <div class=\"ui-helper-hidden-accessible\">\n                            <input type=\"checkbox\" [checked]=\"isSelected(option)\" [disabled]=\"disabled\">\n                        </div>\n                        <div class=\"ui-chkbox-box ui-widget ui-corner-all ui-state-default\" [ngClass]=\"{'ui-state-active':isSelected(option)}\">\n                            <span class=\"ui-chkbox-icon ui-clickable\" [ngClass]=\"{'fa fa-check':isSelected(option)}\"></span>\n                        </div>\n                    </div>\n                    <span *ngIf=\"!itemTemplate\">{{option.label}}</span>\n                    <ng-template *ngIf=\"itemTemplate\" [pTemplateWrapper]=\"itemTemplate\" [item]=\"option\" [index]=\"i\"></ng-template>\n                </li>\n            </ul>\n        </div>\n    ","providers":[{"__symbolic":"reference","module":"../dom/domhandler","name":"DomHandler"},{"__symbolic":"reference","module":"../utils/objectutils","name":"ObjectUtils"},{"__symbolic":"reference","name":"LISTBOX_VALUE_ACCESSOR"}]}]}],"members":{"options":[{"__symbolic":"property","decorators":[{"__symbolic":"call","expression":{"__symbolic":"reference","module":"@angular/core","name":"Input"}}]}],"multiple":[{"__symbolic":"property","decorators":[{"__symbolic":"call","expression":{"__symbolic":"reference","module":"@angular/core","name":"Input"}}]}],"style":[{"__symbolic":"property","decorators":[{"__symbolic":"call","expression":{"__symbolic":"reference","module":"@angular/core","name":"Input"}}]}],"styleClass":[{"__symbolic":"property","decorators":[{"__symbolic":"call","expression":{"__symbolic":"reference","module":"@angular/core","name":"Input"}}]}],"disabled":[{"__symbolic":"property","decorators":[{"__symbolic":"call","expression":{"__symbolic":"reference","module":"@angular/core","name":"Input"}}]}],"checkbox":[{"__symbolic":"property","decorators":[{"__symbolic":"call","expression":{"__symbolic":"reference","module":"@angular/core","name":"Input"}}]}],"filter":[{"__symbolic":"property","decorators":[{"__symbolic":"call","expression":{"__symbolic":"reference","module":"@angular/core","name":"Input"}}]}],"metaKeySelection":[{"__symbolic":"property","decorators":[{"__symbolic":"call","expression":{"__symbolic":"reference","module":"@angular/core","name":"Input"}}]}],"dataKey":[{"__symbolic":"property","decorators":[{"__symbolic":"call","expression":{"__symbolic":"reference","module":"@angular/core","name":"Input"}}]}],"onChange":[{"__symbolic":"property","decorators":[{"__symbolic":"call","expression":{"__symbolic":"reference","module":"@angular/core","name":"Output"}}]}],"onDblClick":[{"__symbolic":"property","decorators":[{"__symbolic":"call","expression":{"__symbolic":"reference","module":"@angular/core","name":"Output"}}]}],"templates":[{"__symbolic":"property","decorators":[{"__symbolic":"call","expression":{"__symbolic":"reference","module":"@angular/core","name":"ContentChildren"},"arguments":[{"__symbolic":"reference","module":"../common/shared","name":"PrimeTemplate"}]}]}],"__ctor__":[{"__symbolic":"constructor","parameters":[{"__symbolic":"reference","module":"@angular/core","name":"ElementRef"},{"__symbolic":"reference","module":"../dom/domhandler","name":"DomHandler"},{"__symbolic":"reference","module":"../utils/objectutils","name":"ObjectUtils"}]}],"ngAfterContentInit":[{"__symbolic":"method"}],"writeValue":[{"__symbolic":"method"}],"registerOnChange":[{"__symbolic":"method"}],"registerOnTouched":[{"__symbolic":"method"}],"setDisabledState":[{"__symbolic":"method"}],"onOptionClick":[{"__symbolic":"method"}],"onOptionTouchEnd":[{"__symbolic":"method"}],"onOptionClickSingle":[{"__symbolic":"method"}],"onOptionClickMultiple":[{"__symbolic":"method"}],"removeOption":[{"__symbolic":"method"}],"isSelected":[{"__symbolic":"method"}],"allFilteredSelected":[{"__symbolic":"method"}],"onFilter":[{"__symbolic":"method"}],"toggleAll":[{"__symbolic":"method"}],"isItemVisible":[{"__symbolic":"method"}],"onDoubleClick":[{"__symbolic":"method"}],"onCheckboxClick":[{"__symbolic":"method"}]}},"ListboxModule":{"__symbolic":"class","decorators":[{"__symbolic":"call","expression":{"__symbolic":"reference","module":"@angular/core","name":"NgModule"},"arguments":[{"imports":[{"__symbolic":"reference","module":"@angular/common","name":"CommonModule"},{"__symbolic":"reference","module":"../common/shared","name":"SharedModule"}],"exports":[{"__symbolic":"reference","name":"Listbox"},{"__symbolic":"reference","module":"../common/shared","name":"SharedModule"}],"declarations":[{"__symbolic":"reference","name":"Listbox"}]}]}]}}}]