{
    "defaultChannel": "welcome",
    "welcome": [{
            "id": "metadata",
            "isAbstract": true,
            "constants": {}
        },
        {
            "id": "welcomeLanding",
            "route": {
                "path": "welcome"
            },
            "data": null,
            "constants": {
                "headerText": "K_WELCOME"
            },
            "isComplete": false
        }
    ],

    "ewithdrawal": [{
            "id": "metadata",
            "isAbstract": true,
            "constants": {}
        },
        {
            "id": "welcomeLanding",
            "route": {
                "path": "welcome"
            },
            "data": null,
            "constants": {
                "headerText": "K_WELCOME"
            },
            "isComplete": false
        }
    ],

    "sample1": [{
            "id": "sampleid11",
            "route": {
                "path": "sample3",
                "outlet": "sample2"
            },
            "data": null,
            "constants": {
                "headerText": "K_WELCOME"
            },
            "isComplete": false
        },
        {
            "id": "sampleid12",
            "route": {
                "path": "sample4",
                "outlet": "sample2"
            },
            "data": null,
            "constants": {
                "headerText": "K_WELCOME"
            },
            "isComplete": false
        }
    ],


    "sample2": [{
            "id": "sampleid21",
            "route": {
                "path": "sample4",
                "outlet": "sample4"
            },
            "data": null,
            "constants": {
                "headerText": "K_WELCOME"
            },
            "isComplete": false
        },
        {
            "id": "sampleid22",
            "route": {
                "path": "sample5",
                "outlet": "sample4"
            },
            "data": null,
            "constants": {
                "headerText": "K_WELCOME"
            },
            "isComplete": false
        }
    ],
    "demo": [{
            "id": "metadata",
            "isAbstract": true,
            "constants": {}
        },
        {
            "id": "demoLanding",
            "route": {
                "path": "demo"
            },
            "data": null,
            "constants": {
                "headerText": "K_DEMO"
            },
            "isComplete": false
        },
        {
            "id": "demoActionbar",

            "route": {
                "path": "demoActionbar",
                "outlet": "sample2"
            },
            "data": null,
            "constants": {
                "headerText": "K_ACTIONBAR"
            },
            "isComplete": false
        },

        {
            "id": "demoPopup",
            "route": {
                "path": "demoPopup"
            },
            "data": null,
            "constants": {
                "headerText": "K_POPUP"
            },
            "isComplete": false
        }
    ]
}