[
    {
        "jobCode":"246055",
        "customerSegments":["HV04","HV05","The Private Bank","WFA High Value Client","Premier Banker Customer"]
    },
    {
        "jobCode":"546017",
       "customerSegments":["HV04","HV05","The Private Bank","WFA High Value Client","Premier Banker Customer"]
    },
    {
        "jobCode":"546135",
        "customerSegments":["HV04","HV05","The Private Bank","WFA High Value Client","Premier Banker Customer"]
    },
    {
        "jobCode":"546164",
       "customerSegments":["HV06","HV07","HV08","HV09"]
    },
    {
        "jobCode":"547001",
        "customerSegments":["HV06","HV07","HV08","HV09"]
    },
    {
        "jobCode":"547005",
        "customerSegments":["HV01","HV02","HV03"]
    },
    {
        "jobCode":"547006",
        "customerSegments":["HV01","HV02","HV03"]
    },
     {
        "jobCode":"547017",
        "customerSegments":["HV01","HV02","HV03","HV04","HV05","The Private Bank","WFA High Value Client","Premier Banker Customer"]
    },
     {
        "jobCode":"547018",
        "customerSegments":["HV01","HV02","HV03","HV04","HV05","The Private Bank","WFA High Value Client","Premier Banker Customer"]
    },
     {
        "jobCode":"547020",
        "customerSegments":["HV06","HV07","HV08","HV09"]
    }

]