{
    "___METADATA": "DO NOT EDIT. THIS IS AUTOGENERATED.  GENERATED: Fri Jul 07 2017 10:15:32 GMT-0700 (Pacific Daylight Time). Worksheet: SD_Error_Text",
    "ACCESSDENIED": {
        "name": "ACCESSDENIED",
        "header": "K_ACCESS_DENIED_HEADER",
        "body": "K_ACCESS_DENIED_BODY",
        "buttons": [
            {
                "text": "K_CLOSE",
                "class": "primary",
                "action": "EXIT",
                "order": 1
            }
        ],
        "type": "CONFIRM",
        "id": 1
    },
    "COMMERROR": {
        "name": "COMMERROR",
        "header": "K_CONNECTIVITY_LOST_HEADER",
        "body": "K_CONNECTIVITY_LOST_BODY",
        "buttons": [
            {
                "text": "K_CLOSE",
                "class": "primary",
                "action": "CLOSE",
                "order": 1
            }
        ],
        "type": "CONFIRM",
        "id": 2
    },
    "COMMRESTORED": {
        "name": "COMMRESTORED",
        "header": "K_CONNECTIVITY_RESTORED_HEADER",
        "body": "K_CONNECTIVITY_RESTORED_BODY",
        "buttons": [
            {
                "text": "K_CLOSE",
                "class": "primary",
                "action": "CLOSE",
                "order": 1
            }
        ],
        "type": "CONFIRM",
        "id": 3
    },
    "CONTINUEWILLCANCEL": {
        "name": "CONTINUEWILLCANCEL",
        "header": "K_CONTINUE_WILL_CANCEL_HEADER",
        "body": "K_CONTINUE_WILL_CANCEL_BODY",
        "buttons": [
            {
                "text": "K_BACK",
                "class": "tertiary",
                "action": "CLOSE",
                "order": 1
            },
            {
                "text": "K_BTN_CONTINUE",
                "class": "primary",
                "action": "CONTINUE",
                "order": 2
            }
        ],
        "type": "CONFIRM",
        "id": 4
    },
    "LEAVEWILLCANCEL": {
        "name": "LEAVEWILLCANCEL",
        "header": "K_LEAVE_WILL_CANCEL_HEADER",
        "body": "K_CONTINUE_WILL_CANCEL_BODY",
        "buttons": [
            {
                "text": "K_BTN_DONT_CANCEL",
                "class": "tertiary",
                "action": "CLOSE",
                "order": 1
            },
            {
                "text": "K_BTN_CANCEL_SWITCH",
                "class": "primary",
                "action": "CONTINUE",
                "order": 2
            }
        ],
        "type": "CONFIRM",
        "id": 5
    },
    "LOGGEDOFF": {
        "name": "LOGGEDOFF",
        "header": "K_LOGGED_OFF_HEADER",
        "body": "K_LOGGED_OFF_BODY",
        "buttons": [
            {
                "text": "K_RELAUNCH_APPLICATION",
                "class": "primary",
                "action": "RELAUNCH",
                "order": 1
            }
        ],
        "type": "CONFIRM",
        "id": 6
    },
    "PLEASEWAIT": {
        "name": "PLEASEWAIT",
        "header": "K_PLEASE_WAIT_HEADER",
        "body": "K_PLEASE_WAIT_BODY",
        "type": "NOTIFICATION",
        "id": 7
    },
    "SESSIONEXPIRED": {
        "name": "SESSIONEXPIRED",
        "header": "K_SESSION_EXPIRED_HEADER",
        "body": "K_SESSION_EXPIRED_BODY",
        "buttons": [
            {
                "text": "K_EXIT",
                "class": "tertiary",
                "action": "EXIT",
                "order": 1
            },
            {
                "text": "K_BEGIN_NEW_SESSION",
                "class": "primary",
                "action": "CONTINUE",
                "order": 2
            }
        ],
        "type": "CONFIRM",
        "id": 8
    },
    "SESSIONEXPIREWARNING": {
        "name": "SESSIONEXPIREWARNING",
        "header": "K_SESSION_TIMEOUT_WARNING_HEADER",
        "body": "K_SESSION_TIMEOUT_WARNING_BODY",
        "buttons": [
            {
                "text": "K_END_SESSION",
                "class": "tertiary",
                "action": "CLOSE",
                "order": 1
            },
            {
                "text": "K_CONTINUE_SESSION",
                "class": "primary",
                "action": "CONTINUE",
                "order": 2
            }
        ],
        "type": "CONFIRM",
        "id": 9
    },
    "SYSTEMERROR": {
        "name": "SYSTEMERROR",
        "header": "K_SYSTEM_ERROR_HEADER",
        "body": "K_SYSTEM_ERROR_BODY",
        "buttons": [
            {
                "text": "K_CLOSE",
                "class": "primary",
                "action": "EXIT",
                "order": 1
            }
        ],
        "type": "CONFIRM",
        "id": 10
    },
    "DEMOPOPUP": {
        "name": "DEMOPOPUP",
        "header": "K_DEMOPOPUP_HEADER",
        "body": "K_DEMOPOPUP_BODY",
        "buttons": [
            {
                "text": "K_CLOSE",
                "class": "primary",
                "action": "CLOSE",
                "order": 1
            }
        ],
        "type": "CONFIRM",
        "id": 11
    }
}