[{"__symbolic":"module","version":3,"metadata":{"TabViewNav":{"__symbolic":"class","decorators":[{"__symbolic":"call","expression":{"__symbolic":"reference","module":"@angular/core","name":"Component"},"arguments":[{"selector":"[p-tabViewNav]","host":{"[class.ui-tabview-nav]":"true","[class.ui-helper-reset]":"true","[class.ui-helper-clearfix]":"true","[class.ui-widget-header]":"true","[class.ui-corner-all]":"true","$quoted$":["[class.ui-tabview-nav]","[class.ui-helper-reset]","[class.ui-helper-clearfix]","[class.ui-widget-header]","[class.ui-corner-all]"]},"template":"\n        <ng-template ngFor let-tab [ngForOf]=\"tabs\">\n            <li [class]=\"getDefaultHeaderClass(tab)\" [ngStyle]=\"tab.headerStyle\" role=\"tab\"\n                [ngClass]=\"{'ui-tabview-selected ui-state-active': tab.selected, 'ui-state-disabled': tab.disabled}\"\n                (click)=\"clickTab($event,tab)\" *ngIf=\"!tab.closed\"\n                [attr.aria-expanded]=\"tab.selected\" [attr.aria-selected]=\"tab.selected\">\n                <a href=\"#\">\n                    <span class=\"ui-tabview-left-icon fa\" [ngClass]=\"tab.leftIcon\" *ngIf=\"tab.leftIcon\"></span>\n                    <span class=\"ui-tabview-title\">{{tab.header}}</span>\n                    <span class=\"ui-tabview-right-icon fa\" [ngClass]=\"tab.rightIcon\" *ngIf=\"tab.rightIcon\"></span>\n                </a>\n                <span *ngIf=\"tab.closable\" class=\"ui-tabview-close fa fa-close\" (click)=\"clickClose($event,tab)\"></span>\n            </li>\n        </ng-template>\n    "}]}],"members":{"tabs":[{"__symbolic":"property","decorators":[{"__symbolic":"call","expression":{"__symbolic":"reference","module":"@angular/core","name":"Input"}}]}],"orientation":[{"__symbolic":"property","decorators":[{"__symbolic":"call","expression":{"__symbolic":"reference","module":"@angular/core","name":"Input"}}]}],"onTabClick":[{"__symbolic":"property","decorators":[{"__symbolic":"call","expression":{"__symbolic":"reference","module":"@angular/core","name":"Output"}}]}],"onTabCloseClick":[{"__symbolic":"property","decorators":[{"__symbolic":"call","expression":{"__symbolic":"reference","module":"@angular/core","name":"Output"}}]}],"getDefaultHeaderClass":[{"__symbolic":"method"}],"clickTab":[{"__symbolic":"method"}],"clickClose":[{"__symbolic":"method"}]}},"TabPanel":{"__symbolic":"class","decorators":[{"__symbolic":"call","expression":{"__symbolic":"reference","module":"@angular/core","name":"Component"},"arguments":[{"selector":"p-tabPanel","template":"\n        <div class=\"ui-tabview-panel ui-widget-content\" [style.display]=\"selected ? 'block' : 'none'\" \n            role=\"tabpanel\" [attr.aria-hidden]=\"!selected\" *ngIf=\"closed ? false : (lazy ? selected : true)\">\n            <ng-content></ng-content>\n        </div>\n    "}]}],"members":{"header":[{"__symbolic":"property","decorators":[{"__symbolic":"call","expression":{"__symbolic":"reference","module":"@angular/core","name":"Input"}}]}],"selected":[{"__symbolic":"property","decorators":[{"__symbolic":"call","expression":{"__symbolic":"reference","module":"@angular/core","name":"Input"}}]}],"disabled":[{"__symbolic":"property","decorators":[{"__symbolic":"call","expression":{"__symbolic":"reference","module":"@angular/core","name":"Input"}}]}],"closable":[{"__symbolic":"property","decorators":[{"__symbolic":"call","expression":{"__symbolic":"reference","module":"@angular/core","name":"Input"}}]}],"headerStyle":[{"__symbolic":"property","decorators":[{"__symbolic":"call","expression":{"__symbolic":"reference","module":"@angular/core","name":"Input"}}]}],"headerStyleClass":[{"__symbolic":"property","decorators":[{"__symbolic":"call","expression":{"__symbolic":"reference","module":"@angular/core","name":"Input"}}]}],"leftIcon":[{"__symbolic":"property","decorators":[{"__symbolic":"call","expression":{"__symbolic":"reference","module":"@angular/core","name":"Input"}}]}],"rightIcon":[{"__symbolic":"property","decorators":[{"__symbolic":"call","expression":{"__symbolic":"reference","module":"@angular/core","name":"Input"}}]}]}},"TabView":{"__symbolic":"class","decorators":[{"__symbolic":"call","expression":{"__symbolic":"reference","module":"@angular/core","name":"Component"},"arguments":[{"selector":"p-tabView","template":"\n        <div [ngClass]=\"'ui-tabview ui-widget ui-widget-content ui-corner-all ui-tabview-' + orientation\" [ngStyle]=\"style\" [class]=\"styleClass\">\n            <ul p-tabViewNav role=\"tablist\" *ngIf=\"orientation!='bottom'\" [tabs]=\"tabs\" [orientation]=\"orientation\" \n                (onTabClick)=\"open($event.originalEvent, $event.tab)\" (onTabCloseClick)=\"close($event.originalEvent, $event.tab)\"></ul>\n            <div class=\"ui-tabview-panels\">\n                <ng-content></ng-content>\n            </div>\n            <ul p-tabViewNav role=\"tablist\" *ngIf=\"orientation=='bottom'\" [tabs]=\"tabs\" [orientation]=\"orientation\"\n                (onTabClick)=\"open($event.originalEvent, $event.tab)\" (onTabCloseClick)=\"close($event.originalEvent, $event.tab)\"></ul>\n        </div>\n    "}]}],"members":{"orientation":[{"__symbolic":"property","decorators":[{"__symbolic":"call","expression":{"__symbolic":"reference","module":"@angular/core","name":"Input"}}]}],"style":[{"__symbolic":"property","decorators":[{"__symbolic":"call","expression":{"__symbolic":"reference","module":"@angular/core","name":"Input"}}]}],"styleClass":[{"__symbolic":"property","decorators":[{"__symbolic":"call","expression":{"__symbolic":"reference","module":"@angular/core","name":"Input"}}]}],"controlClose":[{"__symbolic":"property","decorators":[{"__symbolic":"call","expression":{"__symbolic":"reference","module":"@angular/core","name":"Input"}}]}],"lazy":[{"__symbolic":"property","decorators":[{"__symbolic":"call","expression":{"__symbolic":"reference","module":"@angular/core","name":"Input"}}]}],"tabPanels":[{"__symbolic":"property","decorators":[{"__symbolic":"call","expression":{"__symbolic":"reference","module":"@angular/core","name":"ContentChildren"},"arguments":[{"__symbolic":"reference","name":"TabPanel"}]}]}],"onChange":[{"__symbolic":"property","decorators":[{"__symbolic":"call","expression":{"__symbolic":"reference","module":"@angular/core","name":"Output"}}]}],"onClose":[{"__symbolic":"property","decorators":[{"__symbolic":"call","expression":{"__symbolic":"reference","module":"@angular/core","name":"Output"}}]}],"__ctor__":[{"__symbolic":"constructor","parameters":[{"__symbolic":"reference","module":"@angular/core","name":"ElementRef"}]}],"ngAfterContentInit":[{"__symbolic":"method"}],"initTabs":[{"__symbolic":"method"}],"open":[{"__symbolic":"method"}],"close":[{"__symbolic":"method"}],"closeTab":[{"__symbolic":"method"}],"findSelectedTab":[{"__symbolic":"method"}],"findTabIndex":[{"__symbolic":"method"}],"getBlockableElement":[{"__symbolic":"method"}],"activeIndex":[{"__symbolic":"property","decorators":[{"__symbolic":"call","expression":{"__symbolic":"reference","module":"@angular/core","name":"Input"}}]}]}},"TabViewModule":{"__symbolic":"class","decorators":[{"__symbolic":"call","expression":{"__symbolic":"reference","module":"@angular/core","name":"NgModule"},"arguments":[{"imports":[{"__symbolic":"reference","module":"@angular/common","name":"CommonModule"}],"exports":[{"__symbolic":"reference","name":"TabView"},{"__symbolic":"reference","name":"TabPanel"},{"__symbolic":"reference","name":"TabViewNav"}],"declarations":[{"__symbolic":"reference","name":"TabView"},{"__symbolic":"reference","name":"TabPanel"},{"__symbolic":"reference","name":"TabViewNav"}]}]}]}}},{"__symbolic":"module","version":1,"metadata":{"TabViewNav":{"__symbolic":"class","decorators":[{"__symbolic":"call","expression":{"__symbolic":"reference","module":"@angular/core","name":"Component"},"arguments":[{"selector":"[p-tabViewNav]","host":{"[class.ui-tabview-nav]":"true","[class.ui-helper-reset]":"true","[class.ui-helper-clearfix]":"true","[class.ui-widget-header]":"true","[class.ui-corner-all]":"true"},"template":"\n        <ng-template ngFor let-tab [ngForOf]=\"tabs\">\n            <li [class]=\"getDefaultHeaderClass(tab)\" [ngStyle]=\"tab.headerStyle\" role=\"tab\"\n                [ngClass]=\"{'ui-tabview-selected ui-state-active': tab.selected, 'ui-state-disabled': tab.disabled}\"\n                (click)=\"clickTab($event,tab)\" *ngIf=\"!tab.closed\"\n                [attr.aria-expanded]=\"tab.selected\" [attr.aria-selected]=\"tab.selected\">\n                <a href=\"#\">\n                    <span class=\"ui-tabview-left-icon fa\" [ngClass]=\"tab.leftIcon\" *ngIf=\"tab.leftIcon\"></span>\n                    <span class=\"ui-tabview-title\">{{tab.header}}</span>\n                    <span class=\"ui-tabview-right-icon fa\" [ngClass]=\"tab.rightIcon\" *ngIf=\"tab.rightIcon\"></span>\n                </a>\n                <span *ngIf=\"tab.closable\" class=\"ui-tabview-close fa fa-close\" (click)=\"clickClose($event,tab)\"></span>\n            </li>\n        </ng-template>\n    "}]}],"members":{"tabs":[{"__symbolic":"property","decorators":[{"__symbolic":"call","expression":{"__symbolic":"reference","module":"@angular/core","name":"Input"}}]}],"orientation":[{"__symbolic":"property","decorators":[{"__symbolic":"call","expression":{"__symbolic":"reference","module":"@angular/core","name":"Input"}}]}],"onTabClick":[{"__symbolic":"property","decorators":[{"__symbolic":"call","expression":{"__symbolic":"reference","module":"@angular/core","name":"Output"}}]}],"onTabCloseClick":[{"__symbolic":"property","decorators":[{"__symbolic":"call","expression":{"__symbolic":"reference","module":"@angular/core","name":"Output"}}]}],"getDefaultHeaderClass":[{"__symbolic":"method"}],"clickTab":[{"__symbolic":"method"}],"clickClose":[{"__symbolic":"method"}]}},"TabPanel":{"__symbolic":"class","decorators":[{"__symbolic":"call","expression":{"__symbolic":"reference","module":"@angular/core","name":"Component"},"arguments":[{"selector":"p-tabPanel","template":"\n        <div class=\"ui-tabview-panel ui-widget-content\" [style.display]=\"selected ? 'block' : 'none'\" \n            role=\"tabpanel\" [attr.aria-hidden]=\"!selected\" *ngIf=\"closed ? false : (lazy ? selected : true)\">\n            <ng-content></ng-content>\n        </div>\n    "}]}],"members":{"header":[{"__symbolic":"property","decorators":[{"__symbolic":"call","expression":{"__symbolic":"reference","module":"@angular/core","name":"Input"}}]}],"selected":[{"__symbolic":"property","decorators":[{"__symbolic":"call","expression":{"__symbolic":"reference","module":"@angular/core","name":"Input"}}]}],"disabled":[{"__symbolic":"property","decorators":[{"__symbolic":"call","expression":{"__symbolic":"reference","module":"@angular/core","name":"Input"}}]}],"closable":[{"__symbolic":"property","decorators":[{"__symbolic":"call","expression":{"__symbolic":"reference","module":"@angular/core","name":"Input"}}]}],"headerStyle":[{"__symbolic":"property","decorators":[{"__symbolic":"call","expression":{"__symbolic":"reference","module":"@angular/core","name":"Input"}}]}],"headerStyleClass":[{"__symbolic":"property","decorators":[{"__symbolic":"call","expression":{"__symbolic":"reference","module":"@angular/core","name":"Input"}}]}],"leftIcon":[{"__symbolic":"property","decorators":[{"__symbolic":"call","expression":{"__symbolic":"reference","module":"@angular/core","name":"Input"}}]}],"rightIcon":[{"__symbolic":"property","decorators":[{"__symbolic":"call","expression":{"__symbolic":"reference","module":"@angular/core","name":"Input"}}]}]}},"TabView":{"__symbolic":"class","decorators":[{"__symbolic":"call","expression":{"__symbolic":"reference","module":"@angular/core","name":"Component"},"arguments":[{"selector":"p-tabView","template":"\n        <div [ngClass]=\"'ui-tabview ui-widget ui-widget-content ui-corner-all ui-tabview-' + orientation\" [ngStyle]=\"style\" [class]=\"styleClass\">\n            <ul p-tabViewNav role=\"tablist\" *ngIf=\"orientation!='bottom'\" [tabs]=\"tabs\" [orientation]=\"orientation\" \n                (onTabClick)=\"open($event.originalEvent, $event.tab)\" (onTabCloseClick)=\"close($event.originalEvent, $event.tab)\"></ul>\n            <div class=\"ui-tabview-panels\">\n                <ng-content></ng-content>\n            </div>\n            <ul p-tabViewNav role=\"tablist\" *ngIf=\"orientation=='bottom'\" [tabs]=\"tabs\" [orientation]=\"orientation\"\n                (onTabClick)=\"open($event.originalEvent, $event.tab)\" (onTabCloseClick)=\"close($event.originalEvent, $event.tab)\"></ul>\n        </div>\n    "}]}],"members":{"orientation":[{"__symbolic":"property","decorators":[{"__symbolic":"call","expression":{"__symbolic":"reference","module":"@angular/core","name":"Input"}}]}],"style":[{"__symbolic":"property","decorators":[{"__symbolic":"call","expression":{"__symbolic":"reference","module":"@angular/core","name":"Input"}}]}],"styleClass":[{"__symbolic":"property","decorators":[{"__symbolic":"call","expression":{"__symbolic":"reference","module":"@angular/core","name":"Input"}}]}],"controlClose":[{"__symbolic":"property","decorators":[{"__symbolic":"call","expression":{"__symbolic":"reference","module":"@angular/core","name":"Input"}}]}],"lazy":[{"__symbolic":"property","decorators":[{"__symbolic":"call","expression":{"__symbolic":"reference","module":"@angular/core","name":"Input"}}]}],"tabPanels":[{"__symbolic":"property","decorators":[{"__symbolic":"call","expression":{"__symbolic":"reference","module":"@angular/core","name":"ContentChildren"},"arguments":[{"__symbolic":"reference","name":"TabPanel"}]}]}],"onChange":[{"__symbolic":"property","decorators":[{"__symbolic":"call","expression":{"__symbolic":"reference","module":"@angular/core","name":"Output"}}]}],"onClose":[{"__symbolic":"property","decorators":[{"__symbolic":"call","expression":{"__symbolic":"reference","module":"@angular/core","name":"Output"}}]}],"__ctor__":[{"__symbolic":"constructor","parameters":[{"__symbolic":"reference","module":"@angular/core","name":"ElementRef"}]}],"ngAfterContentInit":[{"__symbolic":"method"}],"initTabs":[{"__symbolic":"method"}],"open":[{"__symbolic":"method"}],"close":[{"__symbolic":"method"}],"closeTab":[{"__symbolic":"method"}],"findSelectedTab":[{"__symbolic":"method"}],"findTabIndex":[{"__symbolic":"method"}],"getBlockableElement":[{"__symbolic":"method"}],"activeIndex":[{"__symbolic":"property","decorators":[{"__symbolic":"call","expression":{"__symbolic":"reference","module":"@angular/core","name":"Input"}}]}]}},"TabViewModule":{"__symbolic":"class","decorators":[{"__symbolic":"call","expression":{"__symbolic":"reference","module":"@angular/core","name":"NgModule"},"arguments":[{"imports":[{"__symbolic":"reference","module":"@angular/common","name":"CommonModule"}],"exports":[{"__symbolic":"reference","name":"TabView"},{"__symbolic":"reference","name":"TabPanel"},{"__symbolic":"reference","name":"TabViewNav"}],"declarations":[{"__symbolic":"reference","name":"TabView"},{"__symbolic":"reference","name":"TabPanel"},{"__symbolic":"reference","name":"TabViewNav"}]}]}]}}}]