{
  "$schema": "./node_modules/@angular/cli/lib/config/schema.json",
  "project": {
    "name": "Teller CUI"
  },
  "packageManager": "default",
  "warnings": {
    "nodeDeprecation": true,
    "packageDeprecation": true,
    "versionMismatch": true
  },
  "apps": [{
    "root": "src",
    "serviceWorker": true,
    "stylePreprocessorOptions": {
      "includePaths": [
        "./src/app/styles"
      ]
    },
    "outDir": "dist",
    "assets": [
      "assets",
      "favicon.ico",
      "static"
    ],
    "index": "index.html",
    "main": "main.ts",
    "polyfills": "polyfills.ts",
    "test": "test.ts",
    "tsconfig": "tsconfig.app.json",
    "testTsconfig": "tsconfig.spec.json",
    "prefix": "",
    "styles": [
      "../node_modules/font-awesome/scss/font-awesome.scss",
      "../node_modules/primeng/resources/primeng.scss",
      "../node_modules/primeng/resources/themes/omega/theme.scss",
      "styles.scss",
      "cashbox.scss"

    ],
    "scripts": [],
    "environmentSource": "environments/environment.ts",
    "environments": {
      "dev": "environments/environment.ts",
      "prod": "environments/environment.prod.ts"
    }
  }],
  "e2e": {
    "protractor": {
      "config": "./protractor.conf.js"
    }
  },
  "lint": [{
      "project": "src/tsconfig.app.json"
    },
    {
      "project": "src/tsconfig.spec.json"
    },
    {
      "project": "e2e/tsconfig.e2e.json"
    }
  ],
  "test": {
    "karma": {
      "config": "./karma.conf.js"
    }
  },
  "defaults": {
    "styleExt": "scss",
    "component": {
      "viewEncapsulation": "Emulated",
      "changeDetection": "Default",
      "flat": false,
      "inlineStyle": false,
      "inlineTemplate": false,
      "spec": true
    },
    "service": {
      "flat": true,
      "spec": false
    },
    "pipe": {
      "flat": true,
      "spec": true
    },
    "class": {
      "spec": false
    },
    "directive": {
      "flat": true,
      "spec": false
    },
    "guard": {
      "flat": true,
      "spec": true
    },
    "interface": {
      "prefix": "I"
    },
    "module": {
      "flat": false,
      "spec": false
    },
    "poll": 0
  }
}