{
  "rules": {
    "class-name": true,
    "indent": [
      true,
      "spaces"
    ],
    "eofline": false,
    "no-duplicate-variable": true,
    "no-eval": true,
    "no-arg": true,
    "no-internal-module": true,
    "no-bitwise": true,
    "no-unused-expression": false,
    "no-var-keyword": true,
    "semicolon": [
      true,
      "always"
    ],
    "typedef": [
      true,
      "call-signature",
      "parameter",
      "arrow-parameter",
      "property-declaration",
      "variable-declaration",
      "member-variable-declaration"
    ],
    "typedef-whitespace": [
      true,
      {
        "call-signature": "nospace",
        "index-signature": "nospace",
        "parameter": "nospace",
        "property-declaration": "nospace",
        "variable-declaration": "nospace"
      }
    ],
    "curly": false,
    "variable-name": [
      true,
      "ban-keywords",
      "check-format",
      "allow-leading-underscore",
      "allow-pascal-case"
    ],
    "whitespace": [
      true,
      "check-branch",
      "check-decl",
      "check-operator",
      "check-separator",
      "check-type"
    ],
    "no-debugger": true,
    "triple-equals": [
      true,
      "allow-null-check"
    ]
  }
}