[{"__symbolic":"module","version":3,"metadata":{"EDITOR_VALUE_ACCESSOR":{"provide":{"__symbolic":"reference","module":"@angular/forms","name":"NG_VALUE_ACCESSOR"},"useExisting":{"__symbolic":"reference","name":"Editor"},"multi":true},"Editor":{"__symbolic":"class","decorators":[{"__symbolic":"call","expression":{"__symbolic":"reference","module":"@angular/core","name":"Component"},"arguments":[{"selector":"p-editor","template":"\n        <div [ngClass]=\"'ui-widget ui-editor-container ui-corner-all'\" [class]=\"styleClass\">\n            <div class=\"ui-editor-toolbar ui-widget-header ui-corner-top\" *ngIf=\"toolbar\">\n                <ng-content select=\"p-header\"></ng-content>\n            </div>\n            <div class=\"ui-editor-toolbar ui-widget-header ui-corner-top\" *ngIf=\"!toolbar\">\n                <span class=\"ql-formats\">\n                    <select class=\"ql-header\">\n                      <option value=\"1\">Heading</option>\n                      <option value=\"2\">Subheading</option>\n                      <option selected>Normal</option>\n                    </select>\n                    <select class=\"ql-font\">\n                      <option selected>Sans Serif</option>\n                      <option value=\"serif\">Serif</option>\n                      <option value=\"monospace\">Monospace</option>\n                    </select>\n                </span>\n                <span class=\"ql-formats\">\n                    <button class=\"ql-bold\" aria-label=\"Bold\"></button>\n                    <button class=\"ql-italic\" aria-label=\"Italic\"></button>\n                    <button class=\"ql-underline\" aria-label=\"Underline\"></button>\n                </span>\n                <span class=\"ql-formats\">\n                    <select class=\"ql-color\"></select>\n                    <select class=\"ql-background\"></select>\n                </span>\n                <span class=\"ql-formats\">\n                    <button class=\"ql-list\" value=\"ordered\" aria-label=\"Ordered List\"></button>\n                    <button class=\"ql-list\" value=\"bullet\" aria-label=\"Unordered List\"></button>\n                    <select class=\"ql-align\">\n                        <option selected></option>\n                        <option value=\"center\"></option>\n                        <option value=\"right\"></option>\n                        <option value=\"justify\"></option>\n                    </select>\n                </span>\n                <span class=\"ql-formats\">\n                    <button class=\"ql-link\" aria-label=\"Insert Link\"></button>\n                    <button class=\"ql-image\" aria-label=\"Insert Image\"></button>\n                    <button class=\"ql-code-block\" aria-label=\"Insert Code Block\"></button>\n                </span>\n                <span class=\"ql-formats\">\n                    <button class=\"ql-clean\" aria-label=\"Remove Styles\"></button>\n                </span>\n            </div>\n            <div class=\"ui-editor-content\" [ngStyle]=\"style\"></div>\n        </div>\n    ","providers":[{"__symbolic":"reference","module":"../dom/domhandler","name":"DomHandler"},{"__symbolic":"reference","name":"EDITOR_VALUE_ACCESSOR"}]}]}],"members":{"onTextChange":[{"__symbolic":"property","decorators":[{"__symbolic":"call","expression":{"__symbolic":"reference","module":"@angular/core","name":"Output"}}]}],"onSelectionChange":[{"__symbolic":"property","decorators":[{"__symbolic":"call","expression":{"__symbolic":"reference","module":"@angular/core","name":"Output"}}]}],"toolbar":[{"__symbolic":"property","decorators":[{"__symbolic":"call","expression":{"__symbolic":"reference","module":"@angular/core","name":"ContentChild"},"arguments":[{"__symbolic":"reference","module":"../common/shared","name":"Header"}]}]}],"style":[{"__symbolic":"property","decorators":[{"__symbolic":"call","expression":{"__symbolic":"reference","module":"@angular/core","name":"Input"}}]}],"styleClass":[{"__symbolic":"property","decorators":[{"__symbolic":"call","expression":{"__symbolic":"reference","module":"@angular/core","name":"Input"}}]}],"placeholder":[{"__symbolic":"property","decorators":[{"__symbolic":"call","expression":{"__symbolic":"reference","module":"@angular/core","name":"Input"}}]}],"readonly":[{"__symbolic":"property","decorators":[{"__symbolic":"call","expression":{"__symbolic":"reference","module":"@angular/core","name":"Input"}}]}],"formats":[{"__symbolic":"property","decorators":[{"__symbolic":"call","expression":{"__symbolic":"reference","module":"@angular/core","name":"Input"}}]}],"onInit":[{"__symbolic":"property","decorators":[{"__symbolic":"call","expression":{"__symbolic":"reference","module":"@angular/core","name":"Output"}}]}],"__ctor__":[{"__symbolic":"constructor","parameters":[{"__symbolic":"reference","module":"@angular/core","name":"ElementRef"},{"__symbolic":"reference","module":"../dom/domhandler","name":"DomHandler"}]}],"ngAfterViewInit":[{"__symbolic":"method"}],"writeValue":[{"__symbolic":"method"}],"registerOnChange":[{"__symbolic":"method"}],"registerOnTouched":[{"__symbolic":"method"}],"getQuill":[{"__symbolic":"method"}]}},"EditorModule":{"__symbolic":"class","decorators":[{"__symbolic":"call","expression":{"__symbolic":"reference","module":"@angular/core","name":"NgModule"},"arguments":[{"imports":[{"__symbolic":"reference","module":"@angular/common","name":"CommonModule"}],"exports":[{"__symbolic":"reference","name":"Editor"},{"__symbolic":"reference","module":"../common/shared","name":"SharedModule"}],"declarations":[{"__symbolic":"reference","name":"Editor"}]}]}]}}},{"__symbolic":"module","version":1,"metadata":{"EDITOR_VALUE_ACCESSOR":{"provide":{"__symbolic":"reference","module":"@angular/forms","name":"NG_VALUE_ACCESSOR"},"useExisting":{"__symbolic":"reference","name":"Editor"},"multi":true},"Editor":{"__symbolic":"class","decorators":[{"__symbolic":"call","expression":{"__symbolic":"reference","module":"@angular/core","name":"Component"},"arguments":[{"selector":"p-editor","template":"\n        <div [ngClass]=\"'ui-widget ui-editor-container ui-corner-all'\" [class]=\"styleClass\">\n            <div class=\"ui-editor-toolbar ui-widget-header ui-corner-top\" *ngIf=\"toolbar\">\n                <ng-content select=\"p-header\"></ng-content>\n            </div>\n            <div class=\"ui-editor-toolbar ui-widget-header ui-corner-top\" *ngIf=\"!toolbar\">\n                <span class=\"ql-formats\">\n                    <select class=\"ql-header\">\n                      <option value=\"1\">Heading</option>\n                      <option value=\"2\">Subheading</option>\n                      <option selected>Normal</option>\n                    </select>\n                    <select class=\"ql-font\">\n                      <option selected>Sans Serif</option>\n                      <option value=\"serif\">Serif</option>\n                      <option value=\"monospace\">Monospace</option>\n                    </select>\n                </span>\n                <span class=\"ql-formats\">\n                    <button class=\"ql-bold\" aria-label=\"Bold\"></button>\n                    <button class=\"ql-italic\" aria-label=\"Italic\"></button>\n                    <button class=\"ql-underline\" aria-label=\"Underline\"></button>\n                </span>\n                <span class=\"ql-formats\">\n                    <select class=\"ql-color\"></select>\n                    <select class=\"ql-background\"></select>\n                </span>\n                <span class=\"ql-formats\">\n                    <button class=\"ql-list\" value=\"ordered\" aria-label=\"Ordered List\"></button>\n                    <button class=\"ql-list\" value=\"bullet\" aria-label=\"Unordered List\"></button>\n                    <select class=\"ql-align\">\n                        <option selected></option>\n                        <option value=\"center\"></option>\n                        <option value=\"right\"></option>\n                        <option value=\"justify\"></option>\n                    </select>\n                </span>\n                <span class=\"ql-formats\">\n                    <button class=\"ql-link\" aria-label=\"Insert Link\"></button>\n                    <button class=\"ql-image\" aria-label=\"Insert Image\"></button>\n                    <button class=\"ql-code-block\" aria-label=\"Insert Code Block\"></button>\n                </span>\n                <span class=\"ql-formats\">\n                    <button class=\"ql-clean\" aria-label=\"Remove Styles\"></button>\n                </span>\n            </div>\n            <div class=\"ui-editor-content\" [ngStyle]=\"style\"></div>\n        </div>\n    ","providers":[{"__symbolic":"reference","module":"../dom/domhandler","name":"DomHandler"},{"__symbolic":"reference","name":"EDITOR_VALUE_ACCESSOR"}]}]}],"members":{"onTextChange":[{"__symbolic":"property","decorators":[{"__symbolic":"call","expression":{"__symbolic":"reference","module":"@angular/core","name":"Output"}}]}],"onSelectionChange":[{"__symbolic":"property","decorators":[{"__symbolic":"call","expression":{"__symbolic":"reference","module":"@angular/core","name":"Output"}}]}],"toolbar":[{"__symbolic":"property","decorators":[{"__symbolic":"call","expression":{"__symbolic":"reference","module":"@angular/core","name":"ContentChild"},"arguments":[{"__symbolic":"reference","module":"../common/shared","name":"Header"}]}]}],"style":[{"__symbolic":"property","decorators":[{"__symbolic":"call","expression":{"__symbolic":"reference","module":"@angular/core","name":"Input"}}]}],"styleClass":[{"__symbolic":"property","decorators":[{"__symbolic":"call","expression":{"__symbolic":"reference","module":"@angular/core","name":"Input"}}]}],"placeholder":[{"__symbolic":"property","decorators":[{"__symbolic":"call","expression":{"__symbolic":"reference","module":"@angular/core","name":"Input"}}]}],"readonly":[{"__symbolic":"property","decorators":[{"__symbolic":"call","expression":{"__symbolic":"reference","module":"@angular/core","name":"Input"}}]}],"formats":[{"__symbolic":"property","decorators":[{"__symbolic":"call","expression":{"__symbolic":"reference","module":"@angular/core","name":"Input"}}]}],"onInit":[{"__symbolic":"property","decorators":[{"__symbolic":"call","expression":{"__symbolic":"reference","module":"@angular/core","name":"Output"}}]}],"__ctor__":[{"__symbolic":"constructor","parameters":[{"__symbolic":"reference","module":"@angular/core","name":"ElementRef"},{"__symbolic":"reference","module":"../dom/domhandler","name":"DomHandler"}]}],"ngAfterViewInit":[{"__symbolic":"method"}],"writeValue":[{"__symbolic":"method"}],"registerOnChange":[{"__symbolic":"method"}],"registerOnTouched":[{"__symbolic":"method"}],"getQuill":[{"__symbolic":"method"}]}},"EditorModule":{"__symbolic":"class","decorators":[{"__symbolic":"call","expression":{"__symbolic":"reference","module":"@angular/core","name":"NgModule"},"arguments":[{"imports":[{"__symbolic":"reference","module":"@angular/common","name":"CommonModule"}],"exports":[{"__symbolic":"reference","name":"Editor"},{"__symbolic":"reference","module":"../common/shared","name":"SharedModule"}],"declarations":[{"__symbolic":"reference","name":"Editor"}]}]}]}}}]