{"__symbolic":"module","version":3,"metadata":{"HttpBackend":{"__symbolic":"class","members":{"handle":[{"__symbolic":"method"}]}},"HttpHandler":{"__symbolic":"class","members":{"handle":[{"__symbolic":"method"}]}},"HttpClient":{"__symbolic":"class","decorators":[{"__symbolic":"call","expression":{"__symbolic":"reference","module":"@angular/core","name":"Injectable"}}],"members":{"__ctor__":[{"__symbolic":"constructor","parameters":[{"__symbolic":"reference","name":"HttpHandler"}]}],"request":[{"__symbolic":"method"},{"__symbolic":"method"},{"__symbolic":"method"},{"__symbolic":"method"},{"__symbolic":"method"},{"__symbolic":"method"},{"__symbolic":"method"},{"__symbolic":"method"},{"__symbolic":"method"},{"__symbolic":"method"},{"__symbolic":"method"},{"__symbolic":"method"},{"__symbolic":"method"},{"__symbolic":"method"},{"__symbolic":"method"},{"__symbolic":"method"},{"__symbolic":"method"},{"__symbolic":"method"}],"delete":[{"__symbolic":"method"},{"__symbolic":"method"},{"__symbolic":"method"},{"__symbolic":"method"},{"__symbolic":"method"},{"__symbolic":"method"},{"__symbolic":"method"},{"__symbolic":"method"},{"__symbolic":"method"},{"__symbolic":"method"},{"__symbolic":"method"},{"__symbolic":"method"},{"__symbolic":"method"},{"__symbolic":"method"},{"__symbolic":"method"},{"__symbolic":"method"}],"get":[{"__symbolic":"method"},{"__symbolic":"method"},{"__symbolic":"method"},{"__symbolic":"method"},{"__symbolic":"method"},{"__symbolic":"method"},{"__symbolic":"method"},{"__symbolic":"method"},{"__symbolic":"method"},{"__symbolic":"method"},{"__symbolic":"method"},{"__symbolic":"method"},{"__symbolic":"method"},{"__symbolic":"method"},{"__symbolic":"method"},{"__symbolic":"method"}],"head":[{"__symbolic":"method"},{"__symbolic":"method"},{"__symbolic":"method"},{"__symbolic":"method"},{"__symbolic":"method"},{"__symbolic":"method"},{"__symbolic":"method"},{"__symbolic":"method"},{"__symbolic":"method"},{"__symbolic":"method"},{"__symbolic":"method"},{"__symbolic":"method"},{"__symbolic":"method"},{"__symbolic":"method"},{"__symbolic":"method"},{"__symbolic":"method"}],"jsonp":[{"__symbolic":"method"},{"__symbolic":"method"},{"__symbolic":"method"}],"options":[{"__symbolic":"method"},{"__symbolic":"method"},{"__symbolic":"method"},{"__symbolic":"method"},{"__symbolic":"method"},{"__symbolic":"method"},{"__symbolic":"method"},{"__symbolic":"method"},{"__symbolic":"method"},{"__symbolic":"method"},{"__symbolic":"method"},{"__symbolic":"method"},{"__symbolic":"method"},{"__symbolic":"method"},{"__symbolic":"method"},{"__symbolic":"method"}],"patch":[{"__symbolic":"method"},{"__symbolic":"method"},{"__symbolic":"method"},{"__symbolic":"method"},{"__symbolic":"method"},{"__symbolic":"method"},{"__symbolic":"method"},{"__symbolic":"method"},{"__symbolic":"method"},{"__symbolic":"method"},{"__symbolic":"method"},{"__symbolic":"method"},{"__symbolic":"method"},{"__symbolic":"method"},{"__symbolic":"method"},{"__symbolic":"method"}],"post":[{"__symbolic":"method"},{"__symbolic":"method"},{"__symbolic":"method"},{"__symbolic":"method"},{"__symbolic":"method"},{"__symbolic":"method"},{"__symbolic":"method"},{"__symbolic":"method"},{"__symbolic":"method"},{"__symbolic":"method"},{"__symbolic":"method"},{"__symbolic":"method"},{"__symbolic":"method"},{"__symbolic":"method"},{"__symbolic":"method"},{"__symbolic":"method"}],"put":[{"__symbolic":"method"},{"__symbolic":"method"},{"__symbolic":"method"},{"__symbolic":"method"},{"__symbolic":"method"},{"__symbolic":"method"},{"__symbolic":"method"},{"__symbolic":"method"},{"__symbolic":"method"},{"__symbolic":"method"},{"__symbolic":"method"},{"__symbolic":"method"},{"__symbolic":"method"},{"__symbolic":"method"},{"__symbolic":"method"},{"__symbolic":"method"}]}},"HttpHeaders":{"__symbolic":"class","members":{"__ctor__":[{"__symbolic":"constructor","parameters":[{"__symbolic":"error","message":"Expression form not supported","line":41,"character":31,"module":"./src/headers"}]}],"has":[{"__symbolic":"method"}],"get":[{"__symbolic":"method"}],"keys":[{"__symbolic":"method"}],"getAll":[{"__symbolic":"method"}],"append":[{"__symbolic":"method"}],"set":[{"__symbolic":"method"}],"delete":[{"__symbolic":"method"}],"maybeSetNormalizedName":[{"__symbolic":"method"}],"init":[{"__symbolic":"method"}],"copyFrom":[{"__symbolic":"method"}],"clone":[{"__symbolic":"method"}],"applyUpdate":[{"__symbolic":"method"}],"forEach":[{"__symbolic":"method"}]}},"ɵa":{"__symbolic":"class","decorators":[{"__symbolic":"call","expression":{"__symbolic":"reference","module":"@angular/core","name":"Injectable"}}],"members":{"intercept":[{"__symbolic":"method"}]}},"HTTP_INTERCEPTORS":{"__symbolic":"new","expression":{"__symbolic":"reference","module":"@angular/core","name":"InjectionToken"},"arguments":["HTTP_INTERCEPTORS"]},"HttpInterceptor":{"__symbolic":"interface"},"ɵb":{"__symbolic":"class","members":{}},"JsonpClientBackend":{"__symbolic":"class","decorators":[{"__symbolic":"call","expression":{"__symbolic":"reference","module":"@angular/core","name":"Injectable"}}],"members":{"__ctor__":[{"__symbolic":"constructor","parameterDecorators":[null,[{"__symbolic":"call","expression":{"__symbolic":"reference","module":"@angular/core","name":"Inject"},"arguments":[{"__symbolic":"reference","module":"@angular/common","name":"DOCUMENT"}]}]],"parameters":[{"__symbolic":"reference","name":"ɵb"},{"__symbolic":"reference","name":"any"}]}],"nextCallback":[{"__symbolic":"method"}],"handle":[{"__symbolic":"method"}]}},"JsonpInterceptor":{"__symbolic":"class","decorators":[{"__symbolic":"call","expression":{"__symbolic":"reference","module":"@angular/core","name":"Injectable"}}],"members":{"__ctor__":[{"__symbolic":"constructor","parameters":[{"__symbolic":"reference","name":"JsonpClientBackend"}]}],"intercept":[{"__symbolic":"method"}]}},"ɵc":{"__symbolic":"function"},"HttpClientJsonpModule":{"__symbolic":"class","decorators":[{"__symbolic":"call","expression":{"__symbolic":"reference","module":"@angular/core","name":"NgModule"},"arguments":[{"providers":[{"__symbolic":"reference","name":"JsonpClientBackend"},{"provide":{"__symbolic":"reference","name":"ɵb"},"useFactory":{"__symbolic":"reference","name":"ɵc"}},{"provide":{"__symbolic":"reference","name":"HTTP_INTERCEPTORS"},"useClass":{"__symbolic":"reference","name":"JsonpInterceptor"},"multi":true}]}]}],"members":{}},"HttpClientModule":{"__symbolic":"class","decorators":[{"__symbolic":"call","expression":{"__symbolic":"reference","module":"@angular/core","name":"NgModule"},"arguments":[{"imports":[{"__symbolic":"call","expression":{"__symbolic":"select","expression":{"__symbolic":"reference","name":"HttpClientXsrfModule"},"member":"withOptions"},"arguments":[{"cookieName":"XSRF-TOKEN","headerName":"X-XSRF-TOKEN"}]}],"providers":[{"__symbolic":"reference","name":"HttpClient"},{"provide":{"__symbolic":"reference","name":"HttpHandler"},"useFactory":{"__symbolic":"reference","name":"ɵinterceptingHandler"},"deps":[{"__symbolic":"reference","name":"HttpBackend"},[{"__symbolic":"new","expression":{"__symbolic":"reference","module":"@angular/core","name":"Optional"}},{"__symbolic":"new","expression":{"__symbolic":"reference","module":"@angular/core","name":"Inject"},"arguments":[{"__symbolic":"reference","name":"HTTP_INTERCEPTORS"}]}]]},{"__symbolic":"reference","name":"HttpXhrBackend"},{"provide":{"__symbolic":"reference","name":"HttpBackend"},"useExisting":{"__symbolic":"reference","name":"HttpXhrBackend"}},{"__symbolic":"reference","name":"ɵd"},{"provide":{"__symbolic":"reference","name":"XhrFactory"},"useExisting":{"__symbolic":"reference","name":"ɵd"}}]}]}],"members":{}},"HttpClientXsrfModule":{"__symbolic":"class","decorators":[{"__symbolic":"call","expression":{"__symbolic":"reference","module":"@angular/core","name":"NgModule"},"arguments":[{"providers":[{"__symbolic":"reference","name":"ɵh"},{"provide":{"__symbolic":"reference","name":"HTTP_INTERCEPTORS"},"useExisting":{"__symbolic":"reference","name":"ɵh"},"multi":true},{"provide":{"__symbolic":"reference","name":"HttpXsrfTokenExtractor"},"useClass":{"__symbolic":"reference","name":"ɵg"}},{"provide":{"__symbolic":"reference","name":"ɵe"},"useValue":"XSRF-TOKEN"},{"provide":{"__symbolic":"reference","name":"ɵf"},"useValue":"X-XSRF-TOKEN"}]}]}],"members":{},"statics":{"disable":{"__symbolic":"function","parameters":[],"value":{"ngModule":{"__symbolic":"reference","name":"HttpClientXsrfModule"},"providers":[{"provide":{"__symbolic":"reference","name":"ɵh"},"useClass":{"__symbolic":"reference","name":"ɵa"}}]}},"withOptions":{"__symbolic":"function","parameters":["options"],"defaults":[{}],"value":{"ngModule":{"__symbolic":"reference","name":"HttpClientXsrfModule"},"providers":[{"__symbolic":"if","condition":{"__symbolic":"select","expression":{"__symbolic":"reference","name":"options"},"member":"cookieName"},"thenExpression":{"provide":{"__symbolic":"reference","name":"ɵe"},"useValue":{"__symbolic":"select","expression":{"__symbolic":"reference","name":"options"},"member":"cookieName"}},"elseExpression":[]},{"__symbolic":"if","condition":{"__symbolic":"select","expression":{"__symbolic":"reference","name":"options"},"member":"headerName"},"thenExpression":{"provide":{"__symbolic":"reference","name":"ɵf"},"useValue":{"__symbolic":"select","expression":{"__symbolic":"reference","name":"options"},"member":"headerName"}},"elseExpression":[]}]}}}},"ɵinterceptingHandler":{"__symbolic":"function"},"HttpParameterCodec":{"__symbolic":"interface"},"HttpParams":{"__symbolic":"class","members":{"__ctor__":[{"__symbolic":"constructor","parameters":[{"__symbolic":"error","message":"Expression form not supported","line":89,"character":23,"module":"./src/params"}]}],"has":[{"__symbolic":"method"}],"get":[{"__symbolic":"method"}],"getAll":[{"__symbolic":"method"}],"keys":[{"__symbolic":"method"}],"append":[{"__symbolic":"method"}],"set":[{"__symbolic":"method"}],"delete":[{"__symbolic":"method"}],"toString":[{"__symbolic":"method"}],"clone":[{"__symbolic":"method"}],"init":[{"__symbolic":"method"}]}},"HttpUrlEncodingCodec":{"__symbolic":"class","members":{"encodeKey":[{"__symbolic":"method"}],"encodeValue":[{"__symbolic":"method"}],"decodeKey":[{"__symbolic":"method"}],"decodeValue":[{"__symbolic":"method"}]}},"HttpRequest":{"__symbolic":"class","arity":1,"members":{"__ctor__":[{"__symbolic":"constructor","parameters":[{"__symbolic":"error","message":"Expression form not supported","line":125,"character":22,"module":"./src/request"},{"__symbolic":"reference","name":"string"},{"__symbolic":"error","message":"Expression form not supported","line":125,"character":83,"module":"./src/request"}]},{"__symbolic":"constructor","parameters":[{"__symbolic":"error","message":"Expression form not supported","line":132,"character":22,"module":"./src/request"},{"__symbolic":"reference","name":"string"},{"__symbolic":"error","message":"Could not resolve type","line":132,"character":63,"context":{"typeName":"T"},"module":"./src/request"},{"__symbolic":"error","message":"Expression form not supported","line":132,"character":78,"module":"./src/request"}]},{"__symbolic":"constructor","parameters":[{"__symbolic":"reference","name":"string"},{"__symbolic":"reference","name":"string"},{"__symbolic":"error","message":"Could not resolve type","line":139,"character":49,"context":{"typeName":"T"},"module":"./src/request"},{"__symbolic":"error","message":"Expression form not supported","line":139,"character":64,"module":"./src/request"}]},{"__symbolic":"constructor","parameters":[{"__symbolic":"reference","name":"string"},{"__symbolic":"reference","name":"string"},{"__symbolic":"error","message":"Could not resolve type","line":147,"character":52,"context":{"typeName":"T"},"module":"./src/request"},{"__symbolic":"error","message":"Expression form not supported","line":154,"character":15,"module":"./src/request"}]}],"serializeBody":[{"__symbolic":"method"}],"detectContentTypeHeader":[{"__symbolic":"method"}],"clone":[{"__symbolic":"method"},{"__symbolic":"method"},{"__symbolic":"method"},{"__symbolic":"method"}]}},"HttpDownloadProgressEvent":{"__symbolic":"interface"},"HttpErrorResponse":{"__symbolic":"class","extends":{"__symbolic":"reference","name":"HttpResponseBase"},"members":{"__ctor__":[{"__symbolic":"constructor","parameters":[{"__symbolic":"error","message":"Expression form not supported","line":308,"character":20,"module":"./src/response"}]}]}},"HttpEventType":{"Sent":0,"UploadProgress":1,"ResponseHeader":2,"DownloadProgress":3,"Response":4,"User":5},"HttpHeaderResponse":{"__symbolic":"class","extends":{"__symbolic":"reference","name":"HttpResponseBase"},"members":{"__ctor__":[{"__symbolic":"constructor","parameters":[{"__symbolic":"error","message":"Expression form not supported","line":211,"character":20,"module":"./src/response"}]}],"clone":[{"__symbolic":"method"}]}},"HttpProgressEvent":{"__symbolic":"interface"},"HttpResponse":{"__symbolic":"class","arity":1,"extends":{"__symbolic":"reference","name":"HttpResponseBase"},"members":{"__ctor__":[{"__symbolic":"constructor","parameters":[{"__symbolic":"error","message":"Expression form not supported","line":257,"character":20,"module":"./src/response"}]}],"clone":[{"__symbolic":"method"},{"__symbolic":"method"},{"__symbolic":"method"},{"__symbolic":"method"}]}},"HttpResponseBase":{"__symbolic":"class","members":{"__ctor__":[{"__symbolic":"constructor","parameters":[{"__symbolic":"error","message":"Expression form not supported","line":179,"character":12,"module":"./src/response"},{"__symbolic":"reference","name":"number"},{"__symbolic":"reference","name":"string"}]}]}},"HttpSentEvent":{"__symbolic":"interface"},"HttpUserEvent":{"__symbolic":"interface"},"ɵd":{"__symbolic":"class","decorators":[{"__symbolic":"call","expression":{"__symbolic":"reference","module":"@angular/core","name":"Injectable"}}],"members":{"__ctor__":[{"__symbolic":"constructor"}],"build":[{"__symbolic":"method"}]}},"HttpXhrBackend":{"__symbolic":"class","decorators":[{"__symbolic":"call","expression":{"__symbolic":"reference","module":"@angular/core","name":"Injectable"}}],"members":{"__ctor__":[{"__symbolic":"constructor","parameters":[{"__symbolic":"reference","name":"XhrFactory"}]}],"handle":[{"__symbolic":"method"}]}},"XhrFactory":{"__symbolic":"class","members":{"build":[{"__symbolic":"method"}]}},"ɵe":{"__symbolic":"new","expression":{"__symbolic":"reference","module":"@angular/core","name":"InjectionToken"},"arguments":["XSRF_COOKIE_NAME"]},"ɵf":{"__symbolic":"new","expression":{"__symbolic":"reference","module":"@angular/core","name":"InjectionToken"},"arguments":["XSRF_HEADER_NAME"]},"ɵg":{"__symbolic":"class","decorators":[{"__symbolic":"call","expression":{"__symbolic":"reference","module":"@angular/core","name":"Injectable"}}],"members":{"__ctor__":[{"__symbolic":"constructor","parameterDecorators":[[{"__symbolic":"call","expression":{"__symbolic":"reference","module":"@angular/core","name":"Inject"},"arguments":[{"__symbolic":"reference","module":"@angular/common","name":"DOCUMENT"}]}],[{"__symbolic":"call","expression":{"__symbolic":"reference","module":"@angular/core","name":"Inject"},"arguments":[{"__symbolic":"reference","module":"@angular/core","name":"PLATFORM_ID"}]}],[{"__symbolic":"call","expression":{"__symbolic":"reference","module":"@angular/core","name":"Inject"},"arguments":[{"__symbolic":"reference","name":"ɵe"}]}]],"parameters":[{"__symbolic":"reference","name":"any"},{"__symbolic":"reference","name":"string"},{"__symbolic":"reference","name":"string"}]}],"getToken":[{"__symbolic":"method"}]}},"ɵh":{"__symbolic":"class","decorators":[{"__symbolic":"call","expression":{"__symbolic":"reference","module":"@angular/core","name":"Injectable"}}],"members":{"__ctor__":[{"__symbolic":"constructor","parameterDecorators":[null,[{"__symbolic":"call","expression":{"__symbolic":"reference","module":"@angular/core","name":"Inject"},"arguments":[{"__symbolic":"reference","name":"ɵf"}]}]],"parameters":[{"__symbolic":"reference","name":"HttpXsrfTokenExtractor"},{"__symbolic":"reference","name":"string"}]}],"intercept":[{"__symbolic":"method"}]}},"HttpXsrfTokenExtractor":{"__symbolic":"class","members":{"getToken":[{"__symbolic":"method"}]}}},"origins":{"HttpBackend":"./src/backend","HttpHandler":"./src/backend","HttpClient":"./src/client","HttpHeaders":"./src/headers","ɵa":"./src/interceptor","HTTP_INTERCEPTORS":"./src/interceptor","HttpInterceptor":"./src/interceptor","ɵb":"./src/jsonp","JsonpClientBackend":"./src/jsonp","JsonpInterceptor":"./src/jsonp","ɵc":"./src/module","HttpClientJsonpModule":"./src/module","HttpClientModule":"./src/module","HttpClientXsrfModule":"./src/module","ɵinterceptingHandler":"./src/module","HttpParameterCodec":"./src/params","HttpParams":"./src/params","HttpUrlEncodingCodec":"./src/params","HttpRequest":"./src/request","HttpDownloadProgressEvent":"./src/response","HttpErrorResponse":"./src/response","HttpEvent":"./src/response","HttpEventType":"./src/response","HttpHeaderResponse":"./src/response","HttpProgressEvent":"./src/response","HttpResponse":"./src/response","HttpResponseBase":"./src/response","HttpSentEvent":"./src/response","HttpUserEvent":"./src/response","ɵd":"./src/xhr","HttpXhrBackend":"./src/xhr","XhrFactory":"./src/xhr","ɵe":"./src/xsrf","ɵf":"./src/xsrf","ɵg":"./src/xsrf","ɵh":"./src/xsrf","HttpXsrfTokenExtractor":"./src/xsrf"},"importAs":"@angular/common/http"}