[{"__symbolic":"module","version":3,"metadata":{"UITreeRow":{"__symbolic":"class","decorators":[{"__symbolic":"call","expression":{"__symbolic":"reference","module":"@angular/core","name":"Component"},"arguments":[{"selector":"[pTreeRow]","template":"\n        <div class=\"ui-treetable-row\" [ngClass]=\"{'ui-state-highlight':isSelected(),'ui-treetable-row-selectable':treeTable.selectionMode && node.selectable !== false}\">\n            <td *ngFor=\"let col of treeTable.columns; let i=index\" [ngStyle]=\"col.style\" [class]=\"col.styleClass\" (click)=\"onRowClick($event)\" (dblclick)=\"rowDblClick($event)\" (touchend)=\"onRowTouchEnd()\" (contextmenu)=\"onRowRightClick($event)\">\n                <a href=\"#\" *ngIf=\"i == treeTable.toggleColumnIndex\" class=\"ui-treetable-toggler fa fa-fw ui-clickable\" [ngClass]=\"{'fa-caret-down':node.expanded,'fa-caret-right':!node.expanded}\"\n                    [ngStyle]=\"{'margin-left':level*16 + 'px','visibility': isLeaf() ? 'hidden' : 'visible'}\"\n                    (click)=\"toggle($event)\"\n                    [title]=\"node.expanded ? labelCollapse : labelExpand\">\n                </a>\n                <div class=\"ui-chkbox ui-treetable-checkbox\" *ngIf=\"treeTable.selectionMode == 'checkbox' && i==0\"><div class=\"ui-chkbox-box ui-widget ui-corner-all ui-state-default\">\n                    <span class=\"ui-chkbox-icon ui-clickable fa\" \n                        [ngClass]=\"{'fa-check':isSelected(),'fa-minus':node.partialSelected}\"></span></div></div\n                ><span *ngIf=\"!col.template\">{{resolveFieldData(node.data,col.field)}}</span>\n                <p-columnBodyTemplateLoader [column]=\"col\" [rowData]=\"node\" *ngIf=\"col.template\"></p-columnBodyTemplateLoader>\n            </td>\n        </div>\n        <div *ngIf=\"node.children && node.expanded\" class=\"ui-treetable-row\" style=\"display:table-row\">\n            <td [attr.colspan]=\"treeTable.columns.length\" class=\"ui-treetable-child-table-container\">\n                <table>\n                    <tbody pTreeRow *ngFor=\"let childNode of node.children\" [node]=\"childNode\" [level]=\"level+1\" [labelExpand]=\"labelExpand\" [labelCollapse]=\"labelCollapse\" [parentNode]=\"node\"></tbody>\n                </table>\n            </td>\n        </div>\n    "}]}],"members":{"node":[{"__symbolic":"property","decorators":[{"__symbolic":"call","expression":{"__symbolic":"reference","module":"@angular/core","name":"Input"}}]}],"parentNode":[{"__symbolic":"property","decorators":[{"__symbolic":"call","expression":{"__symbolic":"reference","module":"@angular/core","name":"Input"}}]}],"level":[{"__symbolic":"property","decorators":[{"__symbolic":"call","expression":{"__symbolic":"reference","module":"@angular/core","name":"Input"}}]}],"labelExpand":[{"__symbolic":"property","decorators":[{"__symbolic":"call","expression":{"__symbolic":"reference","module":"@angular/core","name":"Input"}}]}],"labelCollapse":[{"__symbolic":"property","decorators":[{"__symbolic":"call","expression":{"__symbolic":"reference","module":"@angular/core","name":"Input"}}]}],"__ctor__":[{"__symbolic":"constructor","parameterDecorators":[[{"__symbolic":"call","expression":{"__symbolic":"reference","module":"@angular/core","name":"Inject"},"arguments":[{"__symbolic":"reference","name":"TreeTable"}]}]],"parameters":[{"__symbolic":"reference","name":"TreeTable"}]}],"ngOnInit":[{"__symbolic":"method"}],"toggle":[{"__symbolic":"method"}],"isLeaf":[{"__symbolic":"method"}],"isSelected":[{"__symbolic":"method"}],"onRowClick":[{"__symbolic":"method"}],"onRowRightClick":[{"__symbolic":"method"}],"rowDblClick":[{"__symbolic":"method"}],"onRowTouchEnd":[{"__symbolic":"method"}],"resolveFieldData":[{"__symbolic":"method"}]}},"TreeTable":{"__symbolic":"class","decorators":[{"__symbolic":"call","expression":{"__symbolic":"reference","module":"@angular/core","name":"Component"},"arguments":[{"selector":"p-treeTable","template":"\n        <div [ngClass]=\"'ui-treetable ui-widget'\" [ngStyle]=\"style\" [class]=\"styleClass\">\n            <div class=\"ui-treetable-header ui-widget-header\" *ngIf=\"header\">\n                <ng-content select=\"p-header\"></ng-content>\n            </div>\n            <div class=\"ui-treetable-tablewrapper\">\n                <table #tbl class=\"ui-widget-content\">\n                    <thead>\n                        <tr class=\"ui-state-default\">\n                            <th #headerCell *ngFor=\"let col of columns; let lastCol=last \"  [ngStyle]=\"col.style\" [class]=\"col.styleClass\" \n                                [ngClass]=\"'ui-state-default ui-unselectable-text'\">\n                                <span class=\"ui-column-title\" *ngIf=\"!col.headerTemplate\">{{col.header}}</span>\n                                <span class=\"ui-column-title\" *ngIf=\"col.headerTemplate\">\n                                    <p-columnHeaderTemplateLoader [column]=\"col\"></p-columnHeaderTemplateLoader>\n                                </span>\n                            </th>\n                        </tr>\n                    </thead>\n                    <tfoot *ngIf=\"hasFooter()\">\n                        <tr>\n                            <td *ngFor=\"let col of columns\" [ngStyle]=\"col.style\" [class]=\"col.styleClass\" [ngClass]=\"{'ui-state-default':true}\">\n                                <span class=\"ui-column-footer\" *ngIf=\"!col.footerTemplate\">{{col.footer}}</span>\n                                <span class=\"ui-column-footer\" *ngIf=\"col.footerTemplate\">\n                                    <p-columnFooterTemplateLoader [column]=\"col\"></p-columnFooterTemplateLoader>\n                                </span>\n                            </td>\n                        </tr>\n                    </tfoot>\n                    <tbody pTreeRow *ngFor=\"let node of value\" class=\"ui-treetable-data ui-widget-content\" [node]=\"node\" [level]=\"0\" [labelExpand]=\"labelExpand\" [labelCollapse]=\"labelCollapse\"></tbody>\n                </table>\n            </div>\n            \n            <div class=\"ui-treetable-footer ui-widget-header\" *ngIf=\"footer\">\n                <ng-content select=\"p-footer\"></ng-content>\n            </div>\n        </div>\n    ","providers":[{"__symbolic":"reference","module":"../dom/domhandler","name":"DomHandler"}]}]}],"members":{"value":[{"__symbolic":"property","decorators":[{"__symbolic":"call","expression":{"__symbolic":"reference","module":"@angular/core","name":"Input"}}]}],"selectionMode":[{"__symbolic":"property","decorators":[{"__symbolic":"call","expression":{"__symbolic":"reference","module":"@angular/core","name":"Input"}}]}],"selection":[{"__symbolic":"property","decorators":[{"__symbolic":"call","expression":{"__symbolic":"reference","module":"@angular/core","name":"Input"}}]}],"style":[{"__symbolic":"property","decorators":[{"__symbolic":"call","expression":{"__symbolic":"reference","module":"@angular/core","name":"Input"}}]}],"styleClass":[{"__symbolic":"property","decorators":[{"__symbolic":"call","expression":{"__symbolic":"reference","module":"@angular/core","name":"Input"}}]}],"labelExpand":[{"__symbolic":"property","decorators":[{"__symbolic":"call","expression":{"__symbolic":"reference","module":"@angular/core","name":"Input"}}]}],"labelCollapse":[{"__symbolic":"property","decorators":[{"__symbolic":"call","expression":{"__symbolic":"reference","module":"@angular/core","name":"Input"}}]}],"metaKeySelection":[{"__symbolic":"property","decorators":[{"__symbolic":"call","expression":{"__symbolic":"reference","module":"@angular/core","name":"Input"}}]}],"contextMenu":[{"__symbolic":"property","decorators":[{"__symbolic":"call","expression":{"__symbolic":"reference","module":"@angular/core","name":"Input"}}]}],"toggleColumnIndex":[{"__symbolic":"property","decorators":[{"__symbolic":"call","expression":{"__symbolic":"reference","module":"@angular/core","name":"Input"}}]}],"onRowDblclick":[{"__symbolic":"property","decorators":[{"__symbolic":"call","expression":{"__symbolic":"reference","module":"@angular/core","name":"Output"}}]}],"selectionChange":[{"__symbolic":"property","decorators":[{"__symbolic":"call","expression":{"__symbolic":"reference","module":"@angular/core","name":"Output"}}]}],"onNodeSelect":[{"__symbolic":"property","decorators":[{"__symbolic":"call","expression":{"__symbolic":"reference","module":"@angular/core","name":"Output"}}]}],"onNodeUnselect":[{"__symbolic":"property","decorators":[{"__symbolic":"call","expression":{"__symbolic":"reference","module":"@angular/core","name":"Output"}}]}],"onNodeExpand":[{"__symbolic":"property","decorators":[{"__symbolic":"call","expression":{"__symbolic":"reference","module":"@angular/core","name":"Output"}}]}],"onNodeCollapse":[{"__symbolic":"property","decorators":[{"__symbolic":"call","expression":{"__symbolic":"reference","module":"@angular/core","name":"Output"}}]}],"onContextMenuSelect":[{"__symbolic":"property","decorators":[{"__symbolic":"call","expression":{"__symbolic":"reference","module":"@angular/core","name":"Output"}}]}],"header":[{"__symbolic":"property","decorators":[{"__symbolic":"call","expression":{"__symbolic":"reference","module":"@angular/core","name":"ContentChild"},"arguments":[{"__symbolic":"reference","module":"../common/shared","name":"Header"}]}]}],"footer":[{"__symbolic":"property","decorators":[{"__symbolic":"call","expression":{"__symbolic":"reference","module":"@angular/core","name":"ContentChild"},"arguments":[{"__symbolic":"reference","module":"../common/shared","name":"Footer"}]}]}],"cols":[{"__symbolic":"property","decorators":[{"__symbolic":"call","expression":{"__symbolic":"reference","module":"@angular/core","name":"ContentChildren"},"arguments":[{"__symbolic":"reference","module":"../common/shared","name":"Column"}]}]}],"tableViewChild":[{"__symbolic":"property","decorators":[{"__symbolic":"call","expression":{"__symbolic":"reference","module":"@angular/core","name":"ViewChild"},"arguments":["tbl"]}]}],"__ctor__":[{"__symbolic":"constructor","parameters":[{"__symbolic":"reference","module":"@angular/core","name":"ElementRef"},{"__symbolic":"reference","module":"../dom/domhandler","name":"DomHandler"},{"__symbolic":"reference","module":"@angular/core","name":"ChangeDetectorRef"},{"__symbolic":"reference","module":"@angular/core","name":"Renderer2"}]}],"ngAfterContentInit":[{"__symbolic":"method"}],"initColumns":[{"__symbolic":"method"}],"onRowClick":[{"__symbolic":"method"}],"onRowTouchEnd":[{"__symbolic":"method"}],"onRowRightClick":[{"__symbolic":"method"}],"findIndexInSelection":[{"__symbolic":"method"}],"propagateSelectionUp":[{"__symbolic":"method"}],"propagateSelectionDown":[{"__symbolic":"method"}],"isSelected":[{"__symbolic":"method"}],"isSingleSelectionMode":[{"__symbolic":"method"}],"isMultipleSelectionMode":[{"__symbolic":"method"}],"isCheckboxSelectionMode":[{"__symbolic":"method"}],"hasFooter":[{"__symbolic":"method"}]}},"TreeTableModule":{"__symbolic":"class","decorators":[{"__symbolic":"call","expression":{"__symbolic":"reference","module":"@angular/core","name":"NgModule"},"arguments":[{"imports":[{"__symbolic":"reference","module":"@angular/common","name":"CommonModule"},{"__symbolic":"reference","module":"../common/shared","name":"SharedModule"}],"exports":[{"__symbolic":"reference","name":"TreeTable"},{"__symbolic":"reference","module":"../common/shared","name":"SharedModule"}],"declarations":[{"__symbolic":"reference","name":"TreeTable"},{"__symbolic":"reference","name":"UITreeRow"}]}]}]}}},{"__symbolic":"module","version":1,"metadata":{"UITreeRow":{"__symbolic":"class","decorators":[{"__symbolic":"call","expression":{"__symbolic":"reference","module":"@angular/core","name":"Component"},"arguments":[{"selector":"[pTreeRow]","template":"\n        <div class=\"ui-treetable-row\" [ngClass]=\"{'ui-state-highlight':isSelected(),'ui-treetable-row-selectable':treeTable.selectionMode && node.selectable !== false}\">\n            <td *ngFor=\"let col of treeTable.columns; let i=index\" [ngStyle]=\"col.style\" [class]=\"col.styleClass\" (click)=\"onRowClick($event)\" (dblclick)=\"rowDblClick($event)\" (touchend)=\"onRowTouchEnd()\" (contextmenu)=\"onRowRightClick($event)\">\n                <a href=\"#\" *ngIf=\"i == treeTable.toggleColumnIndex\" class=\"ui-treetable-toggler fa fa-fw ui-clickable\" [ngClass]=\"{'fa-caret-down':node.expanded,'fa-caret-right':!node.expanded}\"\n                    [ngStyle]=\"{'margin-left':level*16 + 'px','visibility': isLeaf() ? 'hidden' : 'visible'}\"\n                    (click)=\"toggle($event)\"\n                    [title]=\"node.expanded ? labelCollapse : labelExpand\">\n                </a>\n                <div class=\"ui-chkbox ui-treetable-checkbox\" *ngIf=\"treeTable.selectionMode == 'checkbox' && i==0\"><div class=\"ui-chkbox-box ui-widget ui-corner-all ui-state-default\">\n                    <span class=\"ui-chkbox-icon ui-clickable fa\" \n                        [ngClass]=\"{'fa-check':isSelected(),'fa-minus':node.partialSelected}\"></span></div></div\n                ><span *ngIf=\"!col.template\">{{resolveFieldData(node.data,col.field)}}</span>\n                <p-columnBodyTemplateLoader [column]=\"col\" [rowData]=\"node\" *ngIf=\"col.template\"></p-columnBodyTemplateLoader>\n            </td>\n        </div>\n        <div *ngIf=\"node.children && node.expanded\" class=\"ui-treetable-row\" style=\"display:table-row\">\n            <td [attr.colspan]=\"treeTable.columns.length\" class=\"ui-treetable-child-table-container\">\n                <table>\n                    <tbody pTreeRow *ngFor=\"let childNode of node.children\" [node]=\"childNode\" [level]=\"level+1\" [labelExpand]=\"labelExpand\" [labelCollapse]=\"labelCollapse\" [parentNode]=\"node\"></tbody>\n                </table>\n            </td>\n        </div>\n    "}]}],"members":{"node":[{"__symbolic":"property","decorators":[{"__symbolic":"call","expression":{"__symbolic":"reference","module":"@angular/core","name":"Input"}}]}],"parentNode":[{"__symbolic":"property","decorators":[{"__symbolic":"call","expression":{"__symbolic":"reference","module":"@angular/core","name":"Input"}}]}],"level":[{"__symbolic":"property","decorators":[{"__symbolic":"call","expression":{"__symbolic":"reference","module":"@angular/core","name":"Input"}}]}],"labelExpand":[{"__symbolic":"property","decorators":[{"__symbolic":"call","expression":{"__symbolic":"reference","module":"@angular/core","name":"Input"}}]}],"labelCollapse":[{"__symbolic":"property","decorators":[{"__symbolic":"call","expression":{"__symbolic":"reference","module":"@angular/core","name":"Input"}}]}],"__ctor__":[{"__symbolic":"constructor","parameterDecorators":[[{"__symbolic":"call","expression":{"__symbolic":"reference","module":"@angular/core","name":"Inject"},"arguments":[{"__symbolic":"reference","name":"TreeTable"}]}]],"parameters":[{"__symbolic":"reference","name":"TreeTable"}]}],"ngOnInit":[{"__symbolic":"method"}],"toggle":[{"__symbolic":"method"}],"isLeaf":[{"__symbolic":"method"}],"isSelected":[{"__symbolic":"method"}],"onRowClick":[{"__symbolic":"method"}],"onRowRightClick":[{"__symbolic":"method"}],"rowDblClick":[{"__symbolic":"method"}],"onRowTouchEnd":[{"__symbolic":"method"}],"resolveFieldData":[{"__symbolic":"method"}]}},"TreeTable":{"__symbolic":"class","decorators":[{"__symbolic":"call","expression":{"__symbolic":"reference","module":"@angular/core","name":"Component"},"arguments":[{"selector":"p-treeTable","template":"\n        <div [ngClass]=\"'ui-treetable ui-widget'\" [ngStyle]=\"style\" [class]=\"styleClass\">\n            <div class=\"ui-treetable-header ui-widget-header\" *ngIf=\"header\">\n                <ng-content select=\"p-header\"></ng-content>\n            </div>\n            <div class=\"ui-treetable-tablewrapper\">\n                <table #tbl class=\"ui-widget-content\">\n                    <thead>\n                        <tr class=\"ui-state-default\">\n                            <th #headerCell *ngFor=\"let col of columns; let lastCol=last \"  [ngStyle]=\"col.style\" [class]=\"col.styleClass\" \n                                [ngClass]=\"'ui-state-default ui-unselectable-text'\">\n                                <span class=\"ui-column-title\" *ngIf=\"!col.headerTemplate\">{{col.header}}</span>\n                                <span class=\"ui-column-title\" *ngIf=\"col.headerTemplate\">\n                                    <p-columnHeaderTemplateLoader [column]=\"col\"></p-columnHeaderTemplateLoader>\n                                </span>\n                            </th>\n                        </tr>\n                    </thead>\n                    <tfoot *ngIf=\"hasFooter()\">\n                        <tr>\n                            <td *ngFor=\"let col of columns\" [ngStyle]=\"col.style\" [class]=\"col.styleClass\" [ngClass]=\"{'ui-state-default':true}\">\n                                <span class=\"ui-column-footer\" *ngIf=\"!col.footerTemplate\">{{col.footer}}</span>\n                                <span class=\"ui-column-footer\" *ngIf=\"col.footerTemplate\">\n                                    <p-columnFooterTemplateLoader [column]=\"col\"></p-columnFooterTemplateLoader>\n                                </span>\n                            </td>\n                        </tr>\n                    </tfoot>\n                    <tbody pTreeRow *ngFor=\"let node of value\" class=\"ui-treetable-data ui-widget-content\" [node]=\"node\" [level]=\"0\" [labelExpand]=\"labelExpand\" [labelCollapse]=\"labelCollapse\"></tbody>\n                </table>\n            </div>\n            \n            <div class=\"ui-treetable-footer ui-widget-header\" *ngIf=\"footer\">\n                <ng-content select=\"p-footer\"></ng-content>\n            </div>\n        </div>\n    ","providers":[{"__symbolic":"reference","module":"../dom/domhandler","name":"DomHandler"}]}]}],"members":{"value":[{"__symbolic":"property","decorators":[{"__symbolic":"call","expression":{"__symbolic":"reference","module":"@angular/core","name":"Input"}}]}],"selectionMode":[{"__symbolic":"property","decorators":[{"__symbolic":"call","expression":{"__symbolic":"reference","module":"@angular/core","name":"Input"}}]}],"selection":[{"__symbolic":"property","decorators":[{"__symbolic":"call","expression":{"__symbolic":"reference","module":"@angular/core","name":"Input"}}]}],"style":[{"__symbolic":"property","decorators":[{"__symbolic":"call","expression":{"__symbolic":"reference","module":"@angular/core","name":"Input"}}]}],"styleClass":[{"__symbolic":"property","decorators":[{"__symbolic":"call","expression":{"__symbolic":"reference","module":"@angular/core","name":"Input"}}]}],"labelExpand":[{"__symbolic":"property","decorators":[{"__symbolic":"call","expression":{"__symbolic":"reference","module":"@angular/core","name":"Input"}}]}],"labelCollapse":[{"__symbolic":"property","decorators":[{"__symbolic":"call","expression":{"__symbolic":"reference","module":"@angular/core","name":"Input"}}]}],"metaKeySelection":[{"__symbolic":"property","decorators":[{"__symbolic":"call","expression":{"__symbolic":"reference","module":"@angular/core","name":"Input"}}]}],"contextMenu":[{"__symbolic":"property","decorators":[{"__symbolic":"call","expression":{"__symbolic":"reference","module":"@angular/core","name":"Input"}}]}],"toggleColumnIndex":[{"__symbolic":"property","decorators":[{"__symbolic":"call","expression":{"__symbolic":"reference","module":"@angular/core","name":"Input"}}]}],"onRowDblclick":[{"__symbolic":"property","decorators":[{"__symbolic":"call","expression":{"__symbolic":"reference","module":"@angular/core","name":"Output"}}]}],"selectionChange":[{"__symbolic":"property","decorators":[{"__symbolic":"call","expression":{"__symbolic":"reference","module":"@angular/core","name":"Output"}}]}],"onNodeSelect":[{"__symbolic":"property","decorators":[{"__symbolic":"call","expression":{"__symbolic":"reference","module":"@angular/core","name":"Output"}}]}],"onNodeUnselect":[{"__symbolic":"property","decorators":[{"__symbolic":"call","expression":{"__symbolic":"reference","module":"@angular/core","name":"Output"}}]}],"onNodeExpand":[{"__symbolic":"property","decorators":[{"__symbolic":"call","expression":{"__symbolic":"reference","module":"@angular/core","name":"Output"}}]}],"onNodeCollapse":[{"__symbolic":"property","decorators":[{"__symbolic":"call","expression":{"__symbolic":"reference","module":"@angular/core","name":"Output"}}]}],"onContextMenuSelect":[{"__symbolic":"property","decorators":[{"__symbolic":"call","expression":{"__symbolic":"reference","module":"@angular/core","name":"Output"}}]}],"header":[{"__symbolic":"property","decorators":[{"__symbolic":"call","expression":{"__symbolic":"reference","module":"@angular/core","name":"ContentChild"},"arguments":[{"__symbolic":"reference","module":"../common/shared","name":"Header"}]}]}],"footer":[{"__symbolic":"property","decorators":[{"__symbolic":"call","expression":{"__symbolic":"reference","module":"@angular/core","name":"ContentChild"},"arguments":[{"__symbolic":"reference","module":"../common/shared","name":"Footer"}]}]}],"cols":[{"__symbolic":"property","decorators":[{"__symbolic":"call","expression":{"__symbolic":"reference","module":"@angular/core","name":"ContentChildren"},"arguments":[{"__symbolic":"reference","module":"../common/shared","name":"Column"}]}]}],"tableViewChild":[{"__symbolic":"property","decorators":[{"__symbolic":"call","expression":{"__symbolic":"reference","module":"@angular/core","name":"ViewChild"},"arguments":["tbl"]}]}],"__ctor__":[{"__symbolic":"constructor","parameters":[{"__symbolic":"reference","module":"@angular/core","name":"ElementRef"},{"__symbolic":"reference","module":"../dom/domhandler","name":"DomHandler"},{"__symbolic":"reference","module":"@angular/core","name":"ChangeDetectorRef"},{"__symbolic":"reference","module":"@angular/core","name":"Renderer2"}]}],"ngAfterContentInit":[{"__symbolic":"method"}],"initColumns":[{"__symbolic":"method"}],"onRowClick":[{"__symbolic":"method"}],"onRowTouchEnd":[{"__symbolic":"method"}],"onRowRightClick":[{"__symbolic":"method"}],"findIndexInSelection":[{"__symbolic":"method"}],"propagateSelectionUp":[{"__symbolic":"method"}],"propagateSelectionDown":[{"__symbolic":"method"}],"isSelected":[{"__symbolic":"method"}],"isSingleSelectionMode":[{"__symbolic":"method"}],"isMultipleSelectionMode":[{"__symbolic":"method"}],"isCheckboxSelectionMode":[{"__symbolic":"method"}],"hasFooter":[{"__symbolic":"method"}]}},"TreeTableModule":{"__symbolic":"class","decorators":[{"__symbolic":"call","expression":{"__symbolic":"reference","module":"@angular/core","name":"NgModule"},"arguments":[{"imports":[{"__symbolic":"reference","module":"@angular/common","name":"CommonModule"},{"__symbolic":"reference","module":"../common/shared","name":"SharedModule"}],"exports":[{"__symbolic":"reference","name":"TreeTable"},{"__symbolic":"reference","module":"../common/shared","name":"SharedModule"}],"declarations":[{"__symbolic":"reference","name":"TreeTable"},{"__symbolic":"reference","name":"UITreeRow"}]}]}]}}}]