[{"__symbolic":"module","version":3,"metadata":{"RATING_VALUE_ACCESSOR":{"provide":{"__symbolic":"reference","module":"@angular/forms","name":"NG_VALUE_ACCESSOR"},"useExisting":{"__symbolic":"reference","name":"Rating"},"multi":true},"Rating":{"__symbolic":"class","decorators":[{"__symbolic":"call","expression":{"__symbolic":"reference","module":"@angular/core","name":"Component"},"arguments":[{"selector":"p-rating","template":"\n        <div class=\"ui-rating\" [ngClass]=\"{'ui-state-disabled': disabled}\">\n            <a href=\"#\" *ngIf=\"cancel\" (click)=\"clear($event)\">\n                <span class=\"fa fa-ban\"></span>\n            </a>\n            <a href=\"#\" *ngFor=\"let star of starsArray;let i=index\" (click)=\"rate($event,i)\">\n                <span class=\"fa\" [ngClass]=\"{'fa-star-o': (!value || i >= value), 'fa-star':(i < value)}\"></span>\n            </a>\n        </div>\n    ","providers":[{"__symbolic":"reference","name":"RATING_VALUE_ACCESSOR"}]}]}],"members":{"disabled":[{"__symbolic":"property","decorators":[{"__symbolic":"call","expression":{"__symbolic":"reference","module":"@angular/core","name":"Input"}}]}],"readonly":[{"__symbolic":"property","decorators":[{"__symbolic":"call","expression":{"__symbolic":"reference","module":"@angular/core","name":"Input"}}]}],"stars":[{"__symbolic":"property","decorators":[{"__symbolic":"call","expression":{"__symbolic":"reference","module":"@angular/core","name":"Input"}}]}],"cancel":[{"__symbolic":"property","decorators":[{"__symbolic":"call","expression":{"__symbolic":"reference","module":"@angular/core","name":"Input"}}]}],"onRate":[{"__symbolic":"property","decorators":[{"__symbolic":"call","expression":{"__symbolic":"reference","module":"@angular/core","name":"Output"}}]}],"onCancel":[{"__symbolic":"property","decorators":[{"__symbolic":"call","expression":{"__symbolic":"reference","module":"@angular/core","name":"Output"}}]}],"ngOnInit":[{"__symbolic":"method"}],"rate":[{"__symbolic":"method"}],"clear":[{"__symbolic":"method"}],"writeValue":[{"__symbolic":"method"}],"registerOnChange":[{"__symbolic":"method"}],"registerOnTouched":[{"__symbolic":"method"}],"setDisabledState":[{"__symbolic":"method"}]}},"RatingModule":{"__symbolic":"class","decorators":[{"__symbolic":"call","expression":{"__symbolic":"reference","module":"@angular/core","name":"NgModule"},"arguments":[{"imports":[{"__symbolic":"reference","module":"@angular/common","name":"CommonModule"}],"exports":[{"__symbolic":"reference","name":"Rating"}],"declarations":[{"__symbolic":"reference","name":"Rating"}]}]}]}}},{"__symbolic":"module","version":1,"metadata":{"RATING_VALUE_ACCESSOR":{"provide":{"__symbolic":"reference","module":"@angular/forms","name":"NG_VALUE_ACCESSOR"},"useExisting":{"__symbolic":"reference","name":"Rating"},"multi":true},"Rating":{"__symbolic":"class","decorators":[{"__symbolic":"call","expression":{"__symbolic":"reference","module":"@angular/core","name":"Component"},"arguments":[{"selector":"p-rating","template":"\n        <div class=\"ui-rating\" [ngClass]=\"{'ui-state-disabled': disabled}\">\n            <a href=\"#\" *ngIf=\"cancel\" (click)=\"clear($event)\">\n                <span class=\"fa fa-ban\"></span>\n            </a>\n            <a href=\"#\" *ngFor=\"let star of starsArray;let i=index\" (click)=\"rate($event,i)\">\n                <span class=\"fa\" [ngClass]=\"{'fa-star-o': (!value || i >= value), 'fa-star':(i < value)}\"></span>\n            </a>\n        </div>\n    ","providers":[{"__symbolic":"reference","name":"RATING_VALUE_ACCESSOR"}]}]}],"members":{"disabled":[{"__symbolic":"property","decorators":[{"__symbolic":"call","expression":{"__symbolic":"reference","module":"@angular/core","name":"Input"}}]}],"readonly":[{"__symbolic":"property","decorators":[{"__symbolic":"call","expression":{"__symbolic":"reference","module":"@angular/core","name":"Input"}}]}],"stars":[{"__symbolic":"property","decorators":[{"__symbolic":"call","expression":{"__symbolic":"reference","module":"@angular/core","name":"Input"}}]}],"cancel":[{"__symbolic":"property","decorators":[{"__symbolic":"call","expression":{"__symbolic":"reference","module":"@angular/core","name":"Input"}}]}],"onRate":[{"__symbolic":"property","decorators":[{"__symbolic":"call","expression":{"__symbolic":"reference","module":"@angular/core","name":"Output"}}]}],"onCancel":[{"__symbolic":"property","decorators":[{"__symbolic":"call","expression":{"__symbolic":"reference","module":"@angular/core","name":"Output"}}]}],"ngOnInit":[{"__symbolic":"method"}],"rate":[{"__symbolic":"method"}],"clear":[{"__symbolic":"method"}],"writeValue":[{"__symbolic":"method"}],"registerOnChange":[{"__symbolic":"method"}],"registerOnTouched":[{"__symbolic":"method"}],"setDisabledState":[{"__symbolic":"method"}]}},"RatingModule":{"__symbolic":"class","decorators":[{"__symbolic":"call","expression":{"__symbolic":"reference","module":"@angular/core","name":"NgModule"},"arguments":[{"imports":[{"__symbolic":"reference","module":"@angular/common","name":"CommonModule"}],"exports":[{"__symbolic":"reference","name":"Rating"}],"declarations":[{"__symbolic":"reference","name":"Rating"}]}]}]}}}]