[{"__symbolic":"module","version":3,"metadata":{"DomHandler":{"__symbolic":"class","decorators":[{"__symbolic":"call","expression":{"__symbolic":"reference","module":"@angular/core","name":"Injectable"}}],"members":{"addClass":[{"__symbolic":"method"}],"addMultipleClasses":[{"__symbolic":"method"}],"removeClass":[{"__symbolic":"method"}],"hasClass":[{"__symbolic":"method"}],"siblings":[{"__symbolic":"method"}],"find":[{"__symbolic":"method"}],"findSingle":[{"__symbolic":"method"}],"index":[{"__symbolic":"method"}],"relativePosition":[{"__symbolic":"method"}],"absolutePosition":[{"__symbolic":"method"}],"getHiddenElementOuterHeight":[{"__symbolic":"method"}],"getHiddenElementOuterWidth":[{"__symbolic":"method"}],"getHiddenElementDimensions":[{"__symbolic":"method"}],"scrollInView":[{"__symbolic":"method"}],"fadeIn":[{"__symbolic":"method"}],"fadeOut":[{"__symbolic":"method"}],"getWindowScrollTop":[{"__symbolic":"method"}],"getWindowScrollLeft":[{"__symbolic":"method"}],"matches":[{"__symbolic":"method"}],"getOuterWidth":[{"__symbolic":"method"}],"getHorizontalPadding":[{"__symbolic":"method"}],"getHorizontalMargin":[{"__symbolic":"method"}],"innerWidth":[{"__symbolic":"method"}],"width":[{"__symbolic":"method"}],"getInnerHeight":[{"__symbolic":"method"}],"getOuterHeight":[{"__symbolic":"method"}],"getHeight":[{"__symbolic":"method"}],"getWidth":[{"__symbolic":"method"}],"getViewport":[{"__symbolic":"method"}],"getOffset":[{"__symbolic":"method"}],"getUserAgent":[{"__symbolic":"method"}],"isIE":[{"__symbolic":"method"}],"appendChild":[{"__symbolic":"method"}],"removeChild":[{"__symbolic":"method"}],"isElement":[{"__symbolic":"method"}],"calculateScrollbarWidth":[{"__symbolic":"method"}],"invokeElementMethod":[{"__symbolic":"method"}]},"statics":{"zindex":1000}}}},{"__symbolic":"module","version":1,"metadata":{"DomHandler":{"__symbolic":"class","decorators":[{"__symbolic":"call","expression":{"__symbolic":"reference","module":"@angular/core","name":"Injectable"}}],"members":{"addClass":[{"__symbolic":"method"}],"addMultipleClasses":[{"__symbolic":"method"}],"removeClass":[{"__symbolic":"method"}],"hasClass":[{"__symbolic":"method"}],"siblings":[{"__symbolic":"method"}],"find":[{"__symbolic":"method"}],"findSingle":[{"__symbolic":"method"}],"index":[{"__symbolic":"method"}],"relativePosition":[{"__symbolic":"method"}],"absolutePosition":[{"__symbolic":"method"}],"getHiddenElementOuterHeight":[{"__symbolic":"method"}],"getHiddenElementOuterWidth":[{"__symbolic":"method"}],"getHiddenElementDimensions":[{"__symbolic":"method"}],"scrollInView":[{"__symbolic":"method"}],"fadeIn":[{"__symbolic":"method"}],"fadeOut":[{"__symbolic":"method"}],"getWindowScrollTop":[{"__symbolic":"method"}],"getWindowScrollLeft":[{"__symbolic":"method"}],"matches":[{"__symbolic":"method"}],"getOuterWidth":[{"__symbolic":"method"}],"getHorizontalPadding":[{"__symbolic":"method"}],"getHorizontalMargin":[{"__symbolic":"method"}],"innerWidth":[{"__symbolic":"method"}],"width":[{"__symbolic":"method"}],"getInnerHeight":[{"__symbolic":"method"}],"getOuterHeight":[{"__symbolic":"method"}],"getHeight":[{"__symbolic":"method"}],"getWidth":[{"__symbolic":"method"}],"getViewport":[{"__symbolic":"method"}],"getOffset":[{"__symbolic":"method"}],"getUserAgent":[{"__symbolic":"method"}],"isIE":[{"__symbolic":"method"}],"appendChild":[{"__symbolic":"method"}],"removeChild":[{"__symbolic":"method"}],"isElement":[{"__symbolic":"method"}],"calculateScrollbarWidth":[{"__symbolic":"method"}],"invokeElementMethod":[{"__symbolic":"method"}]},"statics":{"zindex":1000}}}}]