[{"__symbolic":"module","version":3,"metadata":{"INPUTSWITCH_VALUE_ACCESSOR":{"provide":{"__symbolic":"reference","module":"@angular/forms","name":"NG_VALUE_ACCESSOR"},"useExisting":{"__symbolic":"reference","name":"InputSwitch"},"multi":true},"InputSwitch":{"__symbolic":"class","decorators":[{"__symbolic":"call","expression":{"__symbolic":"reference","module":"@angular/core","name":"Component"},"arguments":[{"selector":"p-inputSwitch","template":"\n        <div [ngClass]=\"{'ui-inputswitch ui-widget ui-widget-content ui-corner-all': true,\n            'ui-state-disabled': disabled,'ui-inputswitch-checked':checked}\" (click)=\"toggle($event, in)\"\n            [ngStyle]=\"style\" [class]=\"styleClass\">\n            <div class=\"ui-inputswitch-off\">\n                <span class=\"ui-inputswitch-offlabel\">{{offLabel}}</span>\n            </div>\n            <div class=\"ui-inputswitch-on\">\n                <span class=\"ui-inputswitch-onlabel\">{{onLabel}}</span>\n            </div>\n            <div [ngClass]=\"{'ui-inputswitch-handle ui-state-default':true, 'ui-state-focus':focused}\"></div>\n            <div class=\"ui-helper-hidden-accessible\">\n                <input #in type=\"checkbox\" [attr.aria-label]=\"ariaLabel\" [attr.aria-labelledby]=\"ariaLabelledBy\" aria-live=\"polite\" [attr.id]=\"inputId\" (focus)=\"onFocus($event)\" (blur)=\"onBlur($event)\" readonly=\"readonly\" [attr.tabindex]=\"tabindex\"/>\n            </div>\n        </div>\n    ","providers":[{"__symbolic":"reference","name":"INPUTSWITCH_VALUE_ACCESSOR"},{"__symbolic":"reference","module":"../dom/domhandler","name":"DomHandler"}]}]}],"members":{"onLabel":[{"__symbolic":"property","decorators":[{"__symbolic":"call","expression":{"__symbolic":"reference","module":"@angular/core","name":"Input"}}]}],"offLabel":[{"__symbolic":"property","decorators":[{"__symbolic":"call","expression":{"__symbolic":"reference","module":"@angular/core","name":"Input"}}]}],"disabled":[{"__symbolic":"property","decorators":[{"__symbolic":"call","expression":{"__symbolic":"reference","module":"@angular/core","name":"Input"}}]}],"style":[{"__symbolic":"property","decorators":[{"__symbolic":"call","expression":{"__symbolic":"reference","module":"@angular/core","name":"Input"}}]}],"styleClass":[{"__symbolic":"property","decorators":[{"__symbolic":"call","expression":{"__symbolic":"reference","module":"@angular/core","name":"Input"}}]}],"tabindex":[{"__symbolic":"property","decorators":[{"__symbolic":"call","expression":{"__symbolic":"reference","module":"@angular/core","name":"Input"}}]}],"inputId":[{"__symbolic":"property","decorators":[{"__symbolic":"call","expression":{"__symbolic":"reference","module":"@angular/core","name":"Input"}}]}],"ariaLabelTemplate":[{"__symbolic":"property","decorators":[{"__symbolic":"call","expression":{"__symbolic":"reference","module":"@angular/core","name":"Input"}}]}],"onChange":[{"__symbolic":"property","decorators":[{"__symbolic":"call","expression":{"__symbolic":"reference","module":"@angular/core","name":"Output"}}]}],"__ctor__":[{"__symbolic":"constructor","parameters":[{"__symbolic":"reference","module":"@angular/core","name":"ElementRef"},{"__symbolic":"reference","module":"../dom/domhandler","name":"DomHandler"}]}],"ngAfterViewInit":[{"__symbolic":"method"}],"ngAfterViewChecked":[{"__symbolic":"method"}],"render":[{"__symbolic":"method"}],"toggle":[{"__symbolic":"method"}],"checkUI":[{"__symbolic":"method"}],"uncheckUI":[{"__symbolic":"method"}],"onFocus":[{"__symbolic":"method"}],"onBlur":[{"__symbolic":"method"}],"writeValue":[{"__symbolic":"method"}],"registerOnChange":[{"__symbolic":"method"}],"registerOnTouched":[{"__symbolic":"method"}],"setDisabledState":[{"__symbolic":"method"}],"updateAriaLabel":[{"__symbolic":"method"}]}},"InputSwitchModule":{"__symbolic":"class","decorators":[{"__symbolic":"call","expression":{"__symbolic":"reference","module":"@angular/core","name":"NgModule"},"arguments":[{"imports":[{"__symbolic":"reference","module":"@angular/common","name":"CommonModule"}],"exports":[{"__symbolic":"reference","name":"InputSwitch"}],"declarations":[{"__symbolic":"reference","name":"InputSwitch"}]}]}]}}},{"__symbolic":"module","version":1,"metadata":{"INPUTSWITCH_VALUE_ACCESSOR":{"provide":{"__symbolic":"reference","module":"@angular/forms","name":"NG_VALUE_ACCESSOR"},"useExisting":{"__symbolic":"reference","name":"InputSwitch"},"multi":true},"InputSwitch":{"__symbolic":"class","decorators":[{"__symbolic":"call","expression":{"__symbolic":"reference","module":"@angular/core","name":"Component"},"arguments":[{"selector":"p-inputSwitch","template":"\n        <div [ngClass]=\"{'ui-inputswitch ui-widget ui-widget-content ui-corner-all': true,\n            'ui-state-disabled': disabled,'ui-inputswitch-checked':checked}\" (click)=\"toggle($event, in)\"\n            [ngStyle]=\"style\" [class]=\"styleClass\">\n            <div class=\"ui-inputswitch-off\">\n                <span class=\"ui-inputswitch-offlabel\">{{offLabel}}</span>\n            </div>\n            <div class=\"ui-inputswitch-on\">\n                <span class=\"ui-inputswitch-onlabel\">{{onLabel}}</span>\n            </div>\n            <div [ngClass]=\"{'ui-inputswitch-handle ui-state-default':true, 'ui-state-focus':focused}\"></div>\n            <div class=\"ui-helper-hidden-accessible\">\n                <input #in type=\"checkbox\" [attr.aria-label]=\"ariaLabel\" [attr.aria-labelledby]=\"ariaLabelledBy\" aria-live=\"polite\" [attr.id]=\"inputId\" (focus)=\"onFocus($event)\" (blur)=\"onBlur($event)\" readonly=\"readonly\" [attr.tabindex]=\"tabindex\"/>\n            </div>\n        </div>\n    ","providers":[{"__symbolic":"reference","name":"INPUTSWITCH_VALUE_ACCESSOR"},{"__symbolic":"reference","module":"../dom/domhandler","name":"DomHandler"}]}]}],"members":{"onLabel":[{"__symbolic":"property","decorators":[{"__symbolic":"call","expression":{"__symbolic":"reference","module":"@angular/core","name":"Input"}}]}],"offLabel":[{"__symbolic":"property","decorators":[{"__symbolic":"call","expression":{"__symbolic":"reference","module":"@angular/core","name":"Input"}}]}],"disabled":[{"__symbolic":"property","decorators":[{"__symbolic":"call","expression":{"__symbolic":"reference","module":"@angular/core","name":"Input"}}]}],"style":[{"__symbolic":"property","decorators":[{"__symbolic":"call","expression":{"__symbolic":"reference","module":"@angular/core","name":"Input"}}]}],"styleClass":[{"__symbolic":"property","decorators":[{"__symbolic":"call","expression":{"__symbolic":"reference","module":"@angular/core","name":"Input"}}]}],"tabindex":[{"__symbolic":"property","decorators":[{"__symbolic":"call","expression":{"__symbolic":"reference","module":"@angular/core","name":"Input"}}]}],"inputId":[{"__symbolic":"property","decorators":[{"__symbolic":"call","expression":{"__symbolic":"reference","module":"@angular/core","name":"Input"}}]}],"ariaLabelTemplate":[{"__symbolic":"property","decorators":[{"__symbolic":"call","expression":{"__symbolic":"reference","module":"@angular/core","name":"Input"}}]}],"onChange":[{"__symbolic":"property","decorators":[{"__symbolic":"call","expression":{"__symbolic":"reference","module":"@angular/core","name":"Output"}}]}],"__ctor__":[{"__symbolic":"constructor","parameters":[{"__symbolic":"reference","module":"@angular/core","name":"ElementRef"},{"__symbolic":"reference","module":"../dom/domhandler","name":"DomHandler"}]}],"ngAfterViewInit":[{"__symbolic":"method"}],"ngAfterViewChecked":[{"__symbolic":"method"}],"render":[{"__symbolic":"method"}],"toggle":[{"__symbolic":"method"}],"checkUI":[{"__symbolic":"method"}],"uncheckUI":[{"__symbolic":"method"}],"onFocus":[{"__symbolic":"method"}],"onBlur":[{"__symbolic":"method"}],"writeValue":[{"__symbolic":"method"}],"registerOnChange":[{"__symbolic":"method"}],"registerOnTouched":[{"__symbolic":"method"}],"setDisabledState":[{"__symbolic":"method"}],"updateAriaLabel":[{"__symbolic":"method"}]}},"InputSwitchModule":{"__symbolic":"class","decorators":[{"__symbolic":"call","expression":{"__symbolic":"reference","module":"@angular/core","name":"NgModule"},"arguments":[{"imports":[{"__symbolic":"reference","module":"@angular/common","name":"CommonModule"}],"exports":[{"__symbolic":"reference","name":"InputSwitch"}],"declarations":[{"__symbolic":"reference","name":"InputSwitch"}]}]}]}}}]