[{"__symbolic":"module","version":3,"metadata":{"OrganizationChartNodeTemplateLoader":{"__symbolic":"class","decorators":[{"__symbolic":"call","expression":{"__symbolic":"reference","module":"@angular/core","name":"Component"},"arguments":[{"selector":"p-organizationChartNodeTemplateLoader","template":""}]}],"members":{"node":[{"__symbolic":"property","decorators":[{"__symbolic":"call","expression":{"__symbolic":"reference","module":"@angular/core","name":"Input"}}]}],"template":[{"__symbolic":"property","decorators":[{"__symbolic":"call","expression":{"__symbolic":"reference","module":"@angular/core","name":"Input"}}]}],"__ctor__":[{"__symbolic":"constructor","parameters":[{"__symbolic":"reference","module":"@angular/core","name":"ViewContainerRef"}]}],"ngOnInit":[{"__symbolic":"method"}],"ngOnDestroy":[{"__symbolic":"method"}]}},"OrganizationChartNode":{"__symbolic":"class","decorators":[{"__symbolic":"call","expression":{"__symbolic":"reference","module":"@angular/core","name":"Component"},"arguments":[{"selector":"[pOrganizationChartNode]","template":"\n        <tr>\n            <td [attr.colspan]=\"colspan\">\n                <div class=\"ui-organizationchart-node-content ui-widget-content ui-corner-all {{node.styleClass}}\" \n                    [ngClass]=\"{'ui-organizationchart-selectable-node': chart.selectionMode && node.selectable !== false,'ui-state-highlight':isSelected()}\"\n                    (click)=\"onNodeClick($event,node)\">\n                    <div *ngIf=\"!chart.getTemplateForNode(node)\">{{node.label}}</div>\n                    <div *ngIf=\"chart.getTemplateForNode(node)\">\n                        <p-organizationChartNodeTemplateLoader [node]=\"node\" [template]=\"chart.getTemplateForNode(node)\"></p-organizationChartNodeTemplateLoader>\n                    </div>\n                    <a *ngIf=\"!leaf\" href=\"#\" class=\"ui-node-toggler\" (click)=\"toggleNode($event, node)\">\n                        <i class=\"fa ui-node-toggler-icon\" [ngClass]=\"{'fa-chevron-down': node.expanded, 'fa-chevron-up': !node.expanded}\"></i>\n                    </a>\n                </div>\n            </td>\n        </tr>\n        <tr [style.visibility]=\"!leaf&&node.expanded ? 'inherit' : 'hidden'\" class=\"ui-organizationchart-lines\" [@childState]=\"'in'\">\n            <td [attr.colspan]=\"colspan\">\n                <div class=\"ui-organizationchart-line-down\"></div>\n            </td>\n        </tr>\n        <tr [style.visibility]=\"!leaf&&node.expanded ? 'inherit' : 'hidden'\" class=\"ui-organizationchart-lines\" [@childState]=\"'in'\">\n            <ng-template ngFor let-child [ngForOf]=\"node.children\" let-first=\"first\" let-last=\"last\">\n                <td class=\"ui-organizationchart-line-left\" [ngClass]=\"{'ui-organizationchart-line-top':!first}\">&nbsp;</td>\n                <td class=\"ui-organizationchart-line-right\" [ngClass]=\"{'ui-organizationchart-line-top':!last}\">&nbsp;</td>\n            </ng-template>\n        </tr>\n        <tr [style.visibility]=\"!leaf&&node.expanded ? 'inherit' : 'hidden'\" class=\"ui-organizationchart-nodes\" [@childState]=\"'in'\">\n            <td *ngFor=\"let child of node.children\" colspan=\"2\">\n                <table class=\"ui-organizationchart-table\" pOrganizationChartNode [node]=\"child\"></table>\n            </td>\n        </tr>\n    ","animations":[{"__symbolic":"call","expression":{"__symbolic":"reference","module":"@angular/animations","name":"trigger"},"arguments":["childState",[{"__symbolic":"call","expression":{"__symbolic":"reference","module":"@angular/animations","name":"state"},"arguments":["in",{"__symbolic":"call","expression":{"__symbolic":"reference","module":"@angular/animations","name":"style"},"arguments":[{"opacity":1}]}]},{"__symbolic":"call","expression":{"__symbolic":"reference","module":"@angular/animations","name":"transition"},"arguments":["void => *",[{"__symbolic":"call","expression":{"__symbolic":"reference","module":"@angular/animations","name":"style"},"arguments":[{"opacity":0}]},{"__symbolic":"call","expression":{"__symbolic":"reference","module":"@angular/animations","name":"animate"},"arguments":[150]}]]},{"__symbolic":"call","expression":{"__symbolic":"reference","module":"@angular/animations","name":"transition"},"arguments":["* => void",[{"__symbolic":"call","expression":{"__symbolic":"reference","module":"@angular/animations","name":"animate"},"arguments":[150,{"__symbolic":"call","expression":{"__symbolic":"reference","module":"@angular/animations","name":"style"},"arguments":[{"opacity":0}]}]}]]}]]}]}]}],"members":{"node":[{"__symbolic":"property","decorators":[{"__symbolic":"call","expression":{"__symbolic":"reference","module":"@angular/core","name":"Input"}}]}],"root":[{"__symbolic":"property","decorators":[{"__symbolic":"call","expression":{"__symbolic":"reference","module":"@angular/core","name":"Input"}}]}],"first":[{"__symbolic":"property","decorators":[{"__symbolic":"call","expression":{"__symbolic":"reference","module":"@angular/core","name":"Input"}}]}],"last":[{"__symbolic":"property","decorators":[{"__symbolic":"call","expression":{"__symbolic":"reference","module":"@angular/core","name":"Input"}}]}],"__ctor__":[{"__symbolic":"constructor","parameterDecorators":[[{"__symbolic":"call","expression":{"__symbolic":"reference","module":"@angular/core","name":"Inject"},"arguments":[{"__symbolic":"reference","name":"OrganizationChart"}]}]],"parameters":[{"__symbolic":"reference","name":"OrganizationChart"}]}],"onNodeClick":[{"__symbolic":"method"}],"toggleNode":[{"__symbolic":"method"}],"isSelected":[{"__symbolic":"method"}]}},"OrganizationChart":{"__symbolic":"class","decorators":[{"__symbolic":"call","expression":{"__symbolic":"reference","module":"@angular/core","name":"Component"},"arguments":[{"selector":"p-organizationChart","template":"\n        <div [ngStyle]=\"style\" [class]=\"styleClass\" [ngClass]=\"'ui-organizationchart ui-widget'\">\n            <table class=\"ui-organizationchart-table\" pOrganizationChartNode [node]=\"root\"></table>\n        </div>\n    ","providers":[{"__symbolic":"reference","module":"../dom/domhandler","name":"DomHandler"}]}]}],"members":{"value":[{"__symbolic":"property","decorators":[{"__symbolic":"call","expression":{"__symbolic":"reference","module":"@angular/core","name":"Input"}}]}],"style":[{"__symbolic":"property","decorators":[{"__symbolic":"call","expression":{"__symbolic":"reference","module":"@angular/core","name":"Input"}}]}],"styleClass":[{"__symbolic":"property","decorators":[{"__symbolic":"call","expression":{"__symbolic":"reference","module":"@angular/core","name":"Input"}}]}],"selectionMode":[{"__symbolic":"property","decorators":[{"__symbolic":"call","expression":{"__symbolic":"reference","module":"@angular/core","name":"Input"}}]}],"selection":[{"__symbolic":"property","decorators":[{"__symbolic":"call","expression":{"__symbolic":"reference","module":"@angular/core","name":"Input"}}]}],"selectionChange":[{"__symbolic":"property","decorators":[{"__symbolic":"call","expression":{"__symbolic":"reference","module":"@angular/core","name":"Output"}}]}],"onNodeSelect":[{"__symbolic":"property","decorators":[{"__symbolic":"call","expression":{"__symbolic":"reference","module":"@angular/core","name":"Output"}}]}],"onNodeUnselect":[{"__symbolic":"property","decorators":[{"__symbolic":"call","expression":{"__symbolic":"reference","module":"@angular/core","name":"Output"}}]}],"templates":[{"__symbolic":"property","decorators":[{"__symbolic":"call","expression":{"__symbolic":"reference","module":"@angular/core","name":"ContentChildren"},"arguments":[{"__symbolic":"reference","module":"../common/shared","name":"PrimeTemplate"}]}]}],"__ctor__":[{"__symbolic":"constructor","parameters":[{"__symbolic":"reference","module":"@angular/core","name":"ElementRef"},{"__symbolic":"reference","module":"../dom/domhandler","name":"DomHandler"}]}],"ngAfterContentInit":[{"__symbolic":"method"}],"getTemplateForNode":[{"__symbolic":"method"}],"onNodeClick":[{"__symbolic":"method"}],"findIndexInSelection":[{"__symbolic":"method"}],"isSelected":[{"__symbolic":"method"}]}},"OrganizationChartModule":{"__symbolic":"class","decorators":[{"__symbolic":"call","expression":{"__symbolic":"reference","module":"@angular/core","name":"NgModule"},"arguments":[{"imports":[{"__symbolic":"reference","module":"@angular/common","name":"CommonModule"}],"exports":[{"__symbolic":"reference","name":"OrganizationChart"},{"__symbolic":"reference","module":"../common/shared","name":"SharedModule"}],"declarations":[{"__symbolic":"reference","name":"OrganizationChart"},{"__symbolic":"reference","name":"OrganizationChartNode"},{"__symbolic":"reference","name":"OrganizationChartNodeTemplateLoader"}]}]}]}}},{"__symbolic":"module","version":1,"metadata":{"OrganizationChartNodeTemplateLoader":{"__symbolic":"class","decorators":[{"__symbolic":"call","expression":{"__symbolic":"reference","module":"@angular/core","name":"Component"},"arguments":[{"selector":"p-organizationChartNodeTemplateLoader","template":""}]}],"members":{"node":[{"__symbolic":"property","decorators":[{"__symbolic":"call","expression":{"__symbolic":"reference","module":"@angular/core","name":"Input"}}]}],"template":[{"__symbolic":"property","decorators":[{"__symbolic":"call","expression":{"__symbolic":"reference","module":"@angular/core","name":"Input"}}]}],"__ctor__":[{"__symbolic":"constructor","parameters":[{"__symbolic":"reference","module":"@angular/core","name":"ViewContainerRef"}]}],"ngOnInit":[{"__symbolic":"method"}],"ngOnDestroy":[{"__symbolic":"method"}]}},"OrganizationChartNode":{"__symbolic":"class","decorators":[{"__symbolic":"call","expression":{"__symbolic":"reference","module":"@angular/core","name":"Component"},"arguments":[{"selector":"[pOrganizationChartNode]","template":"\n        <tr>\n            <td [attr.colspan]=\"colspan\">\n                <div class=\"ui-organizationchart-node-content ui-widget-content ui-corner-all {{node.styleClass}}\" \n                    [ngClass]=\"{'ui-organizationchart-selectable-node': chart.selectionMode && node.selectable !== false,'ui-state-highlight':isSelected()}\"\n                    (click)=\"onNodeClick($event,node)\">\n                    <div *ngIf=\"!chart.getTemplateForNode(node)\">{{node.label}}</div>\n                    <div *ngIf=\"chart.getTemplateForNode(node)\">\n                        <p-organizationChartNodeTemplateLoader [node]=\"node\" [template]=\"chart.getTemplateForNode(node)\"></p-organizationChartNodeTemplateLoader>\n                    </div>\n                    <a *ngIf=\"!leaf\" href=\"#\" class=\"ui-node-toggler\" (click)=\"toggleNode($event, node)\">\n                        <i class=\"fa ui-node-toggler-icon\" [ngClass]=\"{'fa-chevron-down': node.expanded, 'fa-chevron-up': !node.expanded}\"></i>\n                    </a>\n                </div>\n            </td>\n        </tr>\n        <tr [style.visibility]=\"!leaf&&node.expanded ? 'inherit' : 'hidden'\" class=\"ui-organizationchart-lines\" [@childState]=\"'in'\">\n            <td [attr.colspan]=\"colspan\">\n                <div class=\"ui-organizationchart-line-down\"></div>\n            </td>\n        </tr>\n        <tr [style.visibility]=\"!leaf&&node.expanded ? 'inherit' : 'hidden'\" class=\"ui-organizationchart-lines\" [@childState]=\"'in'\">\n            <ng-template ngFor let-child [ngForOf]=\"node.children\" let-first=\"first\" let-last=\"last\">\n                <td class=\"ui-organizationchart-line-left\" [ngClass]=\"{'ui-organizationchart-line-top':!first}\">&nbsp;</td>\n                <td class=\"ui-organizationchart-line-right\" [ngClass]=\"{'ui-organizationchart-line-top':!last}\">&nbsp;</td>\n            </ng-template>\n        </tr>\n        <tr [style.visibility]=\"!leaf&&node.expanded ? 'inherit' : 'hidden'\" class=\"ui-organizationchart-nodes\" [@childState]=\"'in'\">\n            <td *ngFor=\"let child of node.children\" colspan=\"2\">\n                <table class=\"ui-organizationchart-table\" pOrganizationChartNode [node]=\"child\"></table>\n            </td>\n        </tr>\n    ","animations":[{"__symbolic":"call","expression":{"__symbolic":"reference","module":"@angular/animations","name":"trigger"},"arguments":["childState",[{"__symbolic":"call","expression":{"__symbolic":"reference","module":"@angular/animations","name":"state"},"arguments":["in",{"__symbolic":"call","expression":{"__symbolic":"reference","module":"@angular/animations","name":"style"},"arguments":[{"opacity":1}]}]},{"__symbolic":"call","expression":{"__symbolic":"reference","module":"@angular/animations","name":"transition"},"arguments":["void => *",[{"__symbolic":"call","expression":{"__symbolic":"reference","module":"@angular/animations","name":"style"},"arguments":[{"opacity":0}]},{"__symbolic":"call","expression":{"__symbolic":"reference","module":"@angular/animations","name":"animate"},"arguments":[150]}]]},{"__symbolic":"call","expression":{"__symbolic":"reference","module":"@angular/animations","name":"transition"},"arguments":["* => void",[{"__symbolic":"call","expression":{"__symbolic":"reference","module":"@angular/animations","name":"animate"},"arguments":[150,{"__symbolic":"call","expression":{"__symbolic":"reference","module":"@angular/animations","name":"style"},"arguments":[{"opacity":0}]}]}]]}]]}]}]}],"members":{"node":[{"__symbolic":"property","decorators":[{"__symbolic":"call","expression":{"__symbolic":"reference","module":"@angular/core","name":"Input"}}]}],"root":[{"__symbolic":"property","decorators":[{"__symbolic":"call","expression":{"__symbolic":"reference","module":"@angular/core","name":"Input"}}]}],"first":[{"__symbolic":"property","decorators":[{"__symbolic":"call","expression":{"__symbolic":"reference","module":"@angular/core","name":"Input"}}]}],"last":[{"__symbolic":"property","decorators":[{"__symbolic":"call","expression":{"__symbolic":"reference","module":"@angular/core","name":"Input"}}]}],"__ctor__":[{"__symbolic":"constructor","parameterDecorators":[[{"__symbolic":"call","expression":{"__symbolic":"reference","module":"@angular/core","name":"Inject"},"arguments":[{"__symbolic":"reference","name":"OrganizationChart"}]}]],"parameters":[{"__symbolic":"reference","name":"OrganizationChart"}]}],"onNodeClick":[{"__symbolic":"method"}],"toggleNode":[{"__symbolic":"method"}],"isSelected":[{"__symbolic":"method"}]}},"OrganizationChart":{"__symbolic":"class","decorators":[{"__symbolic":"call","expression":{"__symbolic":"reference","module":"@angular/core","name":"Component"},"arguments":[{"selector":"p-organizationChart","template":"\n        <div [ngStyle]=\"style\" [class]=\"styleClass\" [ngClass]=\"'ui-organizationchart ui-widget'\">\n            <table class=\"ui-organizationchart-table\" pOrganizationChartNode [node]=\"root\"></table>\n        </div>\n    ","providers":[{"__symbolic":"reference","module":"../dom/domhandler","name":"DomHandler"}]}]}],"members":{"value":[{"__symbolic":"property","decorators":[{"__symbolic":"call","expression":{"__symbolic":"reference","module":"@angular/core","name":"Input"}}]}],"style":[{"__symbolic":"property","decorators":[{"__symbolic":"call","expression":{"__symbolic":"reference","module":"@angular/core","name":"Input"}}]}],"styleClass":[{"__symbolic":"property","decorators":[{"__symbolic":"call","expression":{"__symbolic":"reference","module":"@angular/core","name":"Input"}}]}],"selectionMode":[{"__symbolic":"property","decorators":[{"__symbolic":"call","expression":{"__symbolic":"reference","module":"@angular/core","name":"Input"}}]}],"selection":[{"__symbolic":"property","decorators":[{"__symbolic":"call","expression":{"__symbolic":"reference","module":"@angular/core","name":"Input"}}]}],"selectionChange":[{"__symbolic":"property","decorators":[{"__symbolic":"call","expression":{"__symbolic":"reference","module":"@angular/core","name":"Output"}}]}],"onNodeSelect":[{"__symbolic":"property","decorators":[{"__symbolic":"call","expression":{"__symbolic":"reference","module":"@angular/core","name":"Output"}}]}],"onNodeUnselect":[{"__symbolic":"property","decorators":[{"__symbolic":"call","expression":{"__symbolic":"reference","module":"@angular/core","name":"Output"}}]}],"templates":[{"__symbolic":"property","decorators":[{"__symbolic":"call","expression":{"__symbolic":"reference","module":"@angular/core","name":"ContentChildren"},"arguments":[{"__symbolic":"reference","module":"../common/shared","name":"PrimeTemplate"}]}]}],"__ctor__":[{"__symbolic":"constructor","parameters":[{"__symbolic":"reference","module":"@angular/core","name":"ElementRef"},{"__symbolic":"reference","module":"../dom/domhandler","name":"DomHandler"}]}],"ngAfterContentInit":[{"__symbolic":"method"}],"getTemplateForNode":[{"__symbolic":"method"}],"onNodeClick":[{"__symbolic":"method"}],"findIndexInSelection":[{"__symbolic":"method"}],"isSelected":[{"__symbolic":"method"}]}},"OrganizationChartModule":{"__symbolic":"class","decorators":[{"__symbolic":"call","expression":{"__symbolic":"reference","module":"@angular/core","name":"NgModule"},"arguments":[{"imports":[{"__symbolic":"reference","module":"@angular/common","name":"CommonModule"}],"exports":[{"__symbolic":"reference","name":"OrganizationChart"},{"__symbolic":"reference","module":"../common/shared","name":"SharedModule"}],"declarations":[{"__symbolic":"reference","name":"OrganizationChart"},{"__symbolic":"reference","name":"OrganizationChartNode"},{"__symbolic":"reference","name":"OrganizationChartNodeTemplateLoader"}]}]}]}}}]