[{"__symbolic":"module","version":3,"metadata":{"SlideMenuSub":{"__symbolic":"class","decorators":[{"__symbolic":"call","expression":{"__symbolic":"reference","module":"@angular/core","name":"Component"},"arguments":[{"selector":"p-slideMenuSub","template":"\n        <ul [ngClass]=\"{'ui-helper-reset ui-menu-rootlist':root, 'ui-widget-content ui-corner-all ui-helper-clearfix ui-menu-child':!root}\" class=\"ui-menu-list\"\n            [style.width.px]=\"menuWidth\" [style.left.px]=\"root ? slideMenu.left : slideMenu.menuWidth\" \n            [style.transitionProperty]=\"root ? 'left' : 'none'\" [style.transitionDuration]=\"effectDuration + 'ms'\" [style.transitionTimingFunction]=\"easing\">\n            <ng-template ngFor let-child [ngForOf]=\"(root ? item : item.items)\">\n                <li *ngIf=\"child.separator\" class=\"ui-menu-separator ui-widget-content\">\n                <li *ngIf=\"!child.separator\" #listitem [ngClass]=\"{'ui-menuitem ui-widget ui-corner-all':true,'ui-menu-parent':child.items,'ui-slidemenuitem-active':listitem==activeItem}\">\n                    <a *ngIf=\"!child.routerLink\" [href]=\"child.url||'#'\" class=\"ui-menuitem-link ui-corner-all\" [attr.target]=\"child.target\"\n                        [ngClass]=\"{'ui-menuitem-link-parent':child.items,'ui-state-disabled':child.disabled}\" \n                        (click)=\"itemClick($event, child, listitem)\">\n                        <span class=\"ui-submenu-icon fa fa-fw fa-caret-right\" *ngIf=\"child.items\"></span>\n                        <span class=\"ui-menuitem-icon fa fa-fw\" *ngIf=\"child.icon\" [ngClass]=\"child.icon\"></span>\n                        <span class=\"ui-menuitem-text\">{{child.label}}</span>\n                    </a>\n                    <a *ngIf=\"child.routerLink\" [routerLink]=\"child.routerLink\" [routerLinkActive]=\"'ui-state-active'\" [routerLinkActiveOptions]=\"child.routerLinkActiveOptions||{exact:false}\" [href]=\"child.url||'#'\" class=\"ui-menuitem-link ui-corner-all\" [attr.target]=\"child.target\"\n                        [ngClass]=\"{'ui-menuitem-link-parent':child.items,'ui-state-disabled':child.disabled}\" \n                        (click)=\"itemClick($event, child, listitem)\">\n                        <span class=\"ui-submenu-icon fa fa-fw fa-caret-right\" *ngIf=\"child.items\"></span>\n                        <span class=\"ui-menuitem-icon fa fa-fw\" *ngIf=\"child.icon\" [ngClass]=\"child.icon\"></span>\n                        <span class=\"ui-menuitem-text\">{{child.label}}</span>\n                    </a>\n                    <p-slideMenuSub class=\"ui-submenu\" [item]=\"child\" [menuWidth]=\"menuWidth\" *ngIf=\"child.items\"></p-slideMenuSub>\n                </li>\n            </ng-template>\n        </ul>\n    "}]}],"members":{"item":[{"__symbolic":"property","decorators":[{"__symbolic":"call","expression":{"__symbolic":"reference","module":"@angular/core","name":"Input"}}]}],"root":[{"__symbolic":"property","decorators":[{"__symbolic":"call","expression":{"__symbolic":"reference","module":"@angular/core","name":"Input"}}]}],"backLabel":[{"__symbolic":"property","decorators":[{"__symbolic":"call","expression":{"__symbolic":"reference","module":"@angular/core","name":"Input"}}]}],"menuWidth":[{"__symbolic":"property","decorators":[{"__symbolic":"call","expression":{"__symbolic":"reference","module":"@angular/core","name":"Input"}}]}],"effectDuration":[{"__symbolic":"property","decorators":[{"__symbolic":"call","expression":{"__symbolic":"reference","module":"@angular/core","name":"Input"}}]}],"easing":[{"__symbolic":"property","decorators":[{"__symbolic":"call","expression":{"__symbolic":"reference","module":"@angular/core","name":"Input"}}]}],"__ctor__":[{"__symbolic":"constructor","parameterDecorators":[[{"__symbolic":"call","expression":{"__symbolic":"reference","module":"@angular/core","name":"Inject"},"arguments":[{"__symbolic":"reference","name":"SlideMenu"}]}]],"parameters":[{"__symbolic":"reference","name":"SlideMenu"}]}],"itemClick":[{"__symbolic":"method"}],"ngOnDestroy":[{"__symbolic":"method"}]}},"SlideMenu":{"__symbolic":"class","decorators":[{"__symbolic":"call","expression":{"__symbolic":"reference","module":"@angular/core","name":"Component"},"arguments":[{"selector":"p-slideMenu","template":"\n        <div #container [ngClass]=\"{'ui-menu ui-slidemenu ui-widget ui-widget-content ui-corner-all':true,'ui-menu-dynamic ui-shadow':popup}\" \n            [class]=\"styleClass\" [ngStyle]=\"style\" (click)=\"onClick($event)\">\n            <div class=\"ui-slidemenu-wrapper\" [style.height.px]=\"viewportHeight\">\n                <div #slideMenuContent class=\"ui-slidemenu-content\">\n                    <p-slideMenuSub [item]=\"model\" root=\"root\" [menuWidth]=\"menuWidth\" [effectDuration]=\"effectDuration\" [easing]=\"easing\"></p-slideMenuSub>\n                </div>\n                <div #backward class=\"ui-slidemenu-backward ui-widget-header ui-corner-all\" [style.display]=\"left ? 'block' : 'none'\" (click)=\"goBack()\">\n                    <span class=\"fa fa-fw fa-caret-left\"></span><span>{{backLabel}}</span>\n                </div>\n            </div>\n        </div>\n    ","providers":[{"__symbolic":"reference","module":"../dom/domhandler","name":"DomHandler"}]}]}],"members":{"model":[{"__symbolic":"property","decorators":[{"__symbolic":"call","expression":{"__symbolic":"reference","module":"@angular/core","name":"Input"}}]}],"popup":[{"__symbolic":"property","decorators":[{"__symbolic":"call","expression":{"__symbolic":"reference","module":"@angular/core","name":"Input"}}]}],"style":[{"__symbolic":"property","decorators":[{"__symbolic":"call","expression":{"__symbolic":"reference","module":"@angular/core","name":"Input"}}]}],"styleClass":[{"__symbolic":"property","decorators":[{"__symbolic":"call","expression":{"__symbolic":"reference","module":"@angular/core","name":"Input"}}]}],"menuWidth":[{"__symbolic":"property","decorators":[{"__symbolic":"call","expression":{"__symbolic":"reference","module":"@angular/core","name":"Input"}}]}],"viewportHeight":[{"__symbolic":"property","decorators":[{"__symbolic":"call","expression":{"__symbolic":"reference","module":"@angular/core","name":"Input"}}]}],"effectDuration":[{"__symbolic":"property","decorators":[{"__symbolic":"call","expression":{"__symbolic":"reference","module":"@angular/core","name":"Input"}}]}],"easing":[{"__symbolic":"property","decorators":[{"__symbolic":"call","expression":{"__symbolic":"reference","module":"@angular/core","name":"Input"}}]}],"backLabel":[{"__symbolic":"property","decorators":[{"__symbolic":"call","expression":{"__symbolic":"reference","module":"@angular/core","name":"Input"}}]}],"containerViewChild":[{"__symbolic":"property","decorators":[{"__symbolic":"call","expression":{"__symbolic":"reference","module":"@angular/core","name":"ViewChild"},"arguments":["container"]}]}],"backwardViewChild":[{"__symbolic":"property","decorators":[{"__symbolic":"call","expression":{"__symbolic":"reference","module":"@angular/core","name":"ViewChild"},"arguments":["backward"]}]}],"slideMenuContentViewChild":[{"__symbolic":"property","decorators":[{"__symbolic":"call","expression":{"__symbolic":"reference","module":"@angular/core","name":"ViewChild"},"arguments":["slideMenuContent"]}]}],"__ctor__":[{"__symbolic":"constructor","parameters":[{"__symbolic":"reference","module":"@angular/core","name":"ElementRef"},{"__symbolic":"reference","module":"../dom/domhandler","name":"DomHandler"},{"__symbolic":"reference","module":"@angular/core","name":"Renderer2"}]}],"ngAfterViewInit":[{"__symbolic":"method"}],"toggle":[{"__symbolic":"method"}],"show":[{"__symbolic":"method"}],"hide":[{"__symbolic":"method"}],"onClick":[{"__symbolic":"method"}],"goBack":[{"__symbolic":"method"}],"ngOnDestroy":[{"__symbolic":"method"}]}},"SlideMenuModule":{"__symbolic":"class","decorators":[{"__symbolic":"call","expression":{"__symbolic":"reference","module":"@angular/core","name":"NgModule"},"arguments":[{"imports":[{"__symbolic":"reference","module":"@angular/common","name":"CommonModule"},{"__symbolic":"reference","module":"@angular/router","name":"RouterModule"}],"exports":[{"__symbolic":"reference","name":"SlideMenu"},{"__symbolic":"reference","module":"@angular/router","name":"RouterModule"}],"declarations":[{"__symbolic":"reference","name":"SlideMenu"},{"__symbolic":"reference","name":"SlideMenuSub"}]}]}]}}},{"__symbolic":"module","version":1,"metadata":{"SlideMenuSub":{"__symbolic":"class","decorators":[{"__symbolic":"call","expression":{"__symbolic":"reference","module":"@angular/core","name":"Component"},"arguments":[{"selector":"p-slideMenuSub","template":"\n        <ul [ngClass]=\"{'ui-helper-reset ui-menu-rootlist':root, 'ui-widget-content ui-corner-all ui-helper-clearfix ui-menu-child':!root}\" class=\"ui-menu-list\"\n            [style.width.px]=\"menuWidth\" [style.left.px]=\"root ? slideMenu.left : slideMenu.menuWidth\" \n            [style.transitionProperty]=\"root ? 'left' : 'none'\" [style.transitionDuration]=\"effectDuration + 'ms'\" [style.transitionTimingFunction]=\"easing\">\n            <ng-template ngFor let-child [ngForOf]=\"(root ? item : item.items)\">\n                <li *ngIf=\"child.separator\" class=\"ui-menu-separator ui-widget-content\">\n                <li *ngIf=\"!child.separator\" #listitem [ngClass]=\"{'ui-menuitem ui-widget ui-corner-all':true,'ui-menu-parent':child.items,'ui-slidemenuitem-active':listitem==activeItem}\">\n                    <a *ngIf=\"!child.routerLink\" [href]=\"child.url||'#'\" class=\"ui-menuitem-link ui-corner-all\" [attr.target]=\"child.target\"\n                        [ngClass]=\"{'ui-menuitem-link-parent':child.items,'ui-state-disabled':child.disabled}\" \n                        (click)=\"itemClick($event, child, listitem)\">\n                        <span class=\"ui-submenu-icon fa fa-fw fa-caret-right\" *ngIf=\"child.items\"></span>\n                        <span class=\"ui-menuitem-icon fa fa-fw\" *ngIf=\"child.icon\" [ngClass]=\"child.icon\"></span>\n                        <span class=\"ui-menuitem-text\">{{child.label}}</span>\n                    </a>\n                    <a *ngIf=\"child.routerLink\" [routerLink]=\"child.routerLink\" [routerLinkActive]=\"'ui-state-active'\" [routerLinkActiveOptions]=\"child.routerLinkActiveOptions||{exact:false}\" [href]=\"child.url||'#'\" class=\"ui-menuitem-link ui-corner-all\" [attr.target]=\"child.target\"\n                        [ngClass]=\"{'ui-menuitem-link-parent':child.items,'ui-state-disabled':child.disabled}\" \n                        (click)=\"itemClick($event, child, listitem)\">\n                        <span class=\"ui-submenu-icon fa fa-fw fa-caret-right\" *ngIf=\"child.items\"></span>\n                        <span class=\"ui-menuitem-icon fa fa-fw\" *ngIf=\"child.icon\" [ngClass]=\"child.icon\"></span>\n                        <span class=\"ui-menuitem-text\">{{child.label}}</span>\n                    </a>\n                    <p-slideMenuSub class=\"ui-submenu\" [item]=\"child\" [menuWidth]=\"menuWidth\" *ngIf=\"child.items\"></p-slideMenuSub>\n                </li>\n            </ng-template>\n        </ul>\n    "}]}],"members":{"item":[{"__symbolic":"property","decorators":[{"__symbolic":"call","expression":{"__symbolic":"reference","module":"@angular/core","name":"Input"}}]}],"root":[{"__symbolic":"property","decorators":[{"__symbolic":"call","expression":{"__symbolic":"reference","module":"@angular/core","name":"Input"}}]}],"backLabel":[{"__symbolic":"property","decorators":[{"__symbolic":"call","expression":{"__symbolic":"reference","module":"@angular/core","name":"Input"}}]}],"menuWidth":[{"__symbolic":"property","decorators":[{"__symbolic":"call","expression":{"__symbolic":"reference","module":"@angular/core","name":"Input"}}]}],"effectDuration":[{"__symbolic":"property","decorators":[{"__symbolic":"call","expression":{"__symbolic":"reference","module":"@angular/core","name":"Input"}}]}],"easing":[{"__symbolic":"property","decorators":[{"__symbolic":"call","expression":{"__symbolic":"reference","module":"@angular/core","name":"Input"}}]}],"__ctor__":[{"__symbolic":"constructor","parameterDecorators":[[{"__symbolic":"call","expression":{"__symbolic":"reference","module":"@angular/core","name":"Inject"},"arguments":[{"__symbolic":"reference","name":"SlideMenu"}]}]],"parameters":[{"__symbolic":"reference","name":"SlideMenu"}]}],"itemClick":[{"__symbolic":"method"}],"ngOnDestroy":[{"__symbolic":"method"}]}},"SlideMenu":{"__symbolic":"class","decorators":[{"__symbolic":"call","expression":{"__symbolic":"reference","module":"@angular/core","name":"Component"},"arguments":[{"selector":"p-slideMenu","template":"\n        <div #container [ngClass]=\"{'ui-menu ui-slidemenu ui-widget ui-widget-content ui-corner-all':true,'ui-menu-dynamic ui-shadow':popup}\" \n            [class]=\"styleClass\" [ngStyle]=\"style\" (click)=\"onClick($event)\">\n            <div class=\"ui-slidemenu-wrapper\" [style.height.px]=\"viewportHeight\">\n                <div #slideMenuContent class=\"ui-slidemenu-content\">\n                    <p-slideMenuSub [item]=\"model\" root=\"root\" [menuWidth]=\"menuWidth\" [effectDuration]=\"effectDuration\" [easing]=\"easing\"></p-slideMenuSub>\n                </div>\n                <div #backward class=\"ui-slidemenu-backward ui-widget-header ui-corner-all\" [style.display]=\"left ? 'block' : 'none'\" (click)=\"goBack()\">\n                    <span class=\"fa fa-fw fa-caret-left\"></span><span>{{backLabel}}</span>\n                </div>\n            </div>\n        </div>\n    ","providers":[{"__symbolic":"reference","module":"../dom/domhandler","name":"DomHandler"}]}]}],"members":{"model":[{"__symbolic":"property","decorators":[{"__symbolic":"call","expression":{"__symbolic":"reference","module":"@angular/core","name":"Input"}}]}],"popup":[{"__symbolic":"property","decorators":[{"__symbolic":"call","expression":{"__symbolic":"reference","module":"@angular/core","name":"Input"}}]}],"style":[{"__symbolic":"property","decorators":[{"__symbolic":"call","expression":{"__symbolic":"reference","module":"@angular/core","name":"Input"}}]}],"styleClass":[{"__symbolic":"property","decorators":[{"__symbolic":"call","expression":{"__symbolic":"reference","module":"@angular/core","name":"Input"}}]}],"menuWidth":[{"__symbolic":"property","decorators":[{"__symbolic":"call","expression":{"__symbolic":"reference","module":"@angular/core","name":"Input"}}]}],"viewportHeight":[{"__symbolic":"property","decorators":[{"__symbolic":"call","expression":{"__symbolic":"reference","module":"@angular/core","name":"Input"}}]}],"effectDuration":[{"__symbolic":"property","decorators":[{"__symbolic":"call","expression":{"__symbolic":"reference","module":"@angular/core","name":"Input"}}]}],"easing":[{"__symbolic":"property","decorators":[{"__symbolic":"call","expression":{"__symbolic":"reference","module":"@angular/core","name":"Input"}}]}],"backLabel":[{"__symbolic":"property","decorators":[{"__symbolic":"call","expression":{"__symbolic":"reference","module":"@angular/core","name":"Input"}}]}],"containerViewChild":[{"__symbolic":"property","decorators":[{"__symbolic":"call","expression":{"__symbolic":"reference","module":"@angular/core","name":"ViewChild"},"arguments":["container"]}]}],"backwardViewChild":[{"__symbolic":"property","decorators":[{"__symbolic":"call","expression":{"__symbolic":"reference","module":"@angular/core","name":"ViewChild"},"arguments":["backward"]}]}],"slideMenuContentViewChild":[{"__symbolic":"property","decorators":[{"__symbolic":"call","expression":{"__symbolic":"reference","module":"@angular/core","name":"ViewChild"},"arguments":["slideMenuContent"]}]}],"__ctor__":[{"__symbolic":"constructor","parameters":[{"__symbolic":"reference","module":"@angular/core","name":"ElementRef"},{"__symbolic":"reference","module":"../dom/domhandler","name":"DomHandler"},{"__symbolic":"reference","module":"@angular/core","name":"Renderer2"}]}],"ngAfterViewInit":[{"__symbolic":"method"}],"toggle":[{"__symbolic":"method"}],"show":[{"__symbolic":"method"}],"hide":[{"__symbolic":"method"}],"onClick":[{"__symbolic":"method"}],"goBack":[{"__symbolic":"method"}],"ngOnDestroy":[{"__symbolic":"method"}]}},"SlideMenuModule":{"__symbolic":"class","decorators":[{"__symbolic":"call","expression":{"__symbolic":"reference","module":"@angular/core","name":"NgModule"},"arguments":[{"imports":[{"__symbolic":"reference","module":"@angular/common","name":"CommonModule"},{"__symbolic":"reference","module":"@angular/router","name":"RouterModule"}],"exports":[{"__symbolic":"reference","name":"SlideMenu"},{"__symbolic":"reference","module":"@angular/router","name":"RouterModule"}],"declarations":[{"__symbolic":"reference","name":"SlideMenu"},{"__symbolic":"reference","name":"SlideMenuSub"}]}]}]}}}]