[{"__symbolic":"module","version":3,"metadata":{"DataList":{"__symbolic":"class","decorators":[{"__symbolic":"call","expression":{"__symbolic":"reference","module":"@angular/core","name":"Component"},"arguments":[{"selector":"p-dataList","template":"\n        <div [ngClass]=\"'ui-datalist ui-widget'\" [ngStyle]=\"style\" [class]=\"styleClass\">\n            <div class=\"ui-datalist-header ui-widget-header ui-corner-top\" *ngIf=\"header\">\n                <ng-content select=\"p-header\"></ng-content>\n            </div>\n            <p-paginator [rows]=\"rows\" [first]=\"first\" [totalRecords]=\"totalRecords\" [pageLinkSize]=\"pageLinks\" [alwaysShow]=\"alwaysShowPaginator\"\n            (onPageChange)=\"paginate($event)\" styleClass=\"ui-paginator-bottom\" [rowsPerPageOptions]=\"rowsPerPageOptions\" *ngIf=\"paginator  && paginatorPosition!='bottom' || paginatorPosition =='both'\"></p-paginator>\n            <div class=\"ui-datalist-content ui-widget-content\">\n                <div *ngIf=\"isEmpty()\" class=\"ui-datalist-emptymessage\">{{emptyMessage}}</div>\n                <ul class=\"ui-datalist-data\">\n                    <li *ngFor=\"let item of dataToRender;let i = index;trackBy: trackBy\">\n                        <ng-template [pTemplateWrapper]=\"itemTemplate\" [item]=\"item\" [index]=\"i\"></ng-template>\n                    </li>\n                </ul>\n            </div>\n            <p-paginator [rows]=\"rows\" [first]=\"first\" [totalRecords]=\"totalRecords\" [pageLinkSize]=\"pageLinks\" [alwaysShow]=\"alwaysShowPaginator\"\n            (onPageChange)=\"paginate($event)\" styleClass=\"ui-paginator-bottom\" [rowsPerPageOptions]=\"rowsPerPageOptions\" *ngIf=\"paginator  && paginatorPosition!='top' || paginatorPosition =='both'\"></p-paginator>\n            <div class=\"ui-datalist-footer ui-widget-header ui-corner-bottom\" *ngIf=\"footer\">\n                <ng-content select=\"p-footer\"></ng-content>\n            </div>\n        </div>\n    "}]}],"members":{"paginator":[{"__symbolic":"property","decorators":[{"__symbolic":"call","expression":{"__symbolic":"reference","module":"@angular/core","name":"Input"}}]}],"rows":[{"__symbolic":"property","decorators":[{"__symbolic":"call","expression":{"__symbolic":"reference","module":"@angular/core","name":"Input"}}]}],"totalRecords":[{"__symbolic":"property","decorators":[{"__symbolic":"call","expression":{"__symbolic":"reference","module":"@angular/core","name":"Input"}}]}],"pageLinks":[{"__symbolic":"property","decorators":[{"__symbolic":"call","expression":{"__symbolic":"reference","module":"@angular/core","name":"Input"}}]}],"rowsPerPageOptions":[{"__symbolic":"property","decorators":[{"__symbolic":"call","expression":{"__symbolic":"reference","module":"@angular/core","name":"Input"}}]}],"lazy":[{"__symbolic":"property","decorators":[{"__symbolic":"call","expression":{"__symbolic":"reference","module":"@angular/core","name":"Input"}}]}],"onLazyLoad":[{"__symbolic":"property","decorators":[{"__symbolic":"call","expression":{"__symbolic":"reference","module":"@angular/core","name":"Output"}}]}],"style":[{"__symbolic":"property","decorators":[{"__symbolic":"call","expression":{"__symbolic":"reference","module":"@angular/core","name":"Input"}}]}],"styleClass":[{"__symbolic":"property","decorators":[{"__symbolic":"call","expression":{"__symbolic":"reference","module":"@angular/core","name":"Input"}}]}],"paginatorPosition":[{"__symbolic":"property","decorators":[{"__symbolic":"call","expression":{"__symbolic":"reference","module":"@angular/core","name":"Input"}}]}],"emptyMessage":[{"__symbolic":"property","decorators":[{"__symbolic":"call","expression":{"__symbolic":"reference","module":"@angular/core","name":"Input"}}]}],"alwaysShowPaginator":[{"__symbolic":"property","decorators":[{"__symbolic":"call","expression":{"__symbolic":"reference","module":"@angular/core","name":"Input"}}]}],"trackBy":[{"__symbolic":"property","decorators":[{"__symbolic":"call","expression":{"__symbolic":"reference","module":"@angular/core","name":"Input"}}]}],"immutable":[{"__symbolic":"property","decorators":[{"__symbolic":"call","expression":{"__symbolic":"reference","module":"@angular/core","name":"Input"}}]}],"onPage":[{"__symbolic":"property","decorators":[{"__symbolic":"call","expression":{"__symbolic":"reference","module":"@angular/core","name":"Output"}}]}],"header":[{"__symbolic":"property","decorators":[{"__symbolic":"call","expression":{"__symbolic":"reference","module":"@angular/core","name":"ContentChild"},"arguments":[{"__symbolic":"reference","module":"../common/shared","name":"Header"}]}]}],"footer":[{"__symbolic":"property","decorators":[{"__symbolic":"call","expression":{"__symbolic":"reference","module":"@angular/core","name":"ContentChild"},"arguments":[{"__symbolic":"reference","module":"../common/shared","name":"Footer"}]}]}],"templates":[{"__symbolic":"property","decorators":[{"__symbolic":"call","expression":{"__symbolic":"reference","module":"@angular/core","name":"ContentChildren"},"arguments":[{"__symbolic":"reference","module":"../common/shared","name":"PrimeTemplate"}]}]}],"__ctor__":[{"__symbolic":"constructor","parameters":[{"__symbolic":"reference","module":"@angular/core","name":"ElementRef"},{"__symbolic":"reference","module":"@angular/core","name":"IterableDiffers"}]}],"ngAfterContentInit":[{"__symbolic":"method"}],"ngAfterViewInit":[{"__symbolic":"method"}],"value":[{"__symbolic":"property","decorators":[{"__symbolic":"call","expression":{"__symbolic":"reference","module":"@angular/core","name":"Input"}}]}],"handleDataChange":[{"__symbolic":"method"}],"ngDoCheck":[{"__symbolic":"method"}],"updatePaginator":[{"__symbolic":"method"}],"paginate":[{"__symbolic":"method"}],"updateDataToRender":[{"__symbolic":"method"}],"isEmpty":[{"__symbolic":"method"}],"createLazyLoadMetadata":[{"__symbolic":"method"}],"getBlockableElement":[{"__symbolic":"method"}]}},"DataListModule":{"__symbolic":"class","decorators":[{"__symbolic":"call","expression":{"__symbolic":"reference","module":"@angular/core","name":"NgModule"},"arguments":[{"imports":[{"__symbolic":"reference","module":"@angular/common","name":"CommonModule"},{"__symbolic":"reference","module":"../common/shared","name":"SharedModule"},{"__symbolic":"reference","module":"../paginator/paginator","name":"PaginatorModule"}],"exports":[{"__symbolic":"reference","name":"DataList"},{"__symbolic":"reference","module":"../common/shared","name":"SharedModule"}],"declarations":[{"__symbolic":"reference","name":"DataList"}]}]}]}}},{"__symbolic":"module","version":1,"metadata":{"DataList":{"__symbolic":"class","decorators":[{"__symbolic":"call","expression":{"__symbolic":"reference","module":"@angular/core","name":"Component"},"arguments":[{"selector":"p-dataList","template":"\n        <div [ngClass]=\"'ui-datalist ui-widget'\" [ngStyle]=\"style\" [class]=\"styleClass\">\n            <div class=\"ui-datalist-header ui-widget-header ui-corner-top\" *ngIf=\"header\">\n                <ng-content select=\"p-header\"></ng-content>\n            </div>\n            <p-paginator [rows]=\"rows\" [first]=\"first\" [totalRecords]=\"totalRecords\" [pageLinkSize]=\"pageLinks\" [alwaysShow]=\"alwaysShowPaginator\"\n            (onPageChange)=\"paginate($event)\" styleClass=\"ui-paginator-bottom\" [rowsPerPageOptions]=\"rowsPerPageOptions\" *ngIf=\"paginator  && paginatorPosition!='bottom' || paginatorPosition =='both'\"></p-paginator>\n            <div class=\"ui-datalist-content ui-widget-content\">\n                <div *ngIf=\"isEmpty()\" class=\"ui-datalist-emptymessage\">{{emptyMessage}}</div>\n                <ul class=\"ui-datalist-data\">\n                    <li *ngFor=\"let item of dataToRender;let i = index;trackBy: trackBy\">\n                        <ng-template [pTemplateWrapper]=\"itemTemplate\" [item]=\"item\" [index]=\"i\"></ng-template>\n                    </li>\n                </ul>\n            </div>\n            <p-paginator [rows]=\"rows\" [first]=\"first\" [totalRecords]=\"totalRecords\" [pageLinkSize]=\"pageLinks\" [alwaysShow]=\"alwaysShowPaginator\"\n            (onPageChange)=\"paginate($event)\" styleClass=\"ui-paginator-bottom\" [rowsPerPageOptions]=\"rowsPerPageOptions\" *ngIf=\"paginator  && paginatorPosition!='top' || paginatorPosition =='both'\"></p-paginator>\n            <div class=\"ui-datalist-footer ui-widget-header ui-corner-bottom\" *ngIf=\"footer\">\n                <ng-content select=\"p-footer\"></ng-content>\n            </div>\n        </div>\n    "}]}],"members":{"paginator":[{"__symbolic":"property","decorators":[{"__symbolic":"call","expression":{"__symbolic":"reference","module":"@angular/core","name":"Input"}}]}],"rows":[{"__symbolic":"property","decorators":[{"__symbolic":"call","expression":{"__symbolic":"reference","module":"@angular/core","name":"Input"}}]}],"totalRecords":[{"__symbolic":"property","decorators":[{"__symbolic":"call","expression":{"__symbolic":"reference","module":"@angular/core","name":"Input"}}]}],"pageLinks":[{"__symbolic":"property","decorators":[{"__symbolic":"call","expression":{"__symbolic":"reference","module":"@angular/core","name":"Input"}}]}],"rowsPerPageOptions":[{"__symbolic":"property","decorators":[{"__symbolic":"call","expression":{"__symbolic":"reference","module":"@angular/core","name":"Input"}}]}],"lazy":[{"__symbolic":"property","decorators":[{"__symbolic":"call","expression":{"__symbolic":"reference","module":"@angular/core","name":"Input"}}]}],"onLazyLoad":[{"__symbolic":"property","decorators":[{"__symbolic":"call","expression":{"__symbolic":"reference","module":"@angular/core","name":"Output"}}]}],"style":[{"__symbolic":"property","decorators":[{"__symbolic":"call","expression":{"__symbolic":"reference","module":"@angular/core","name":"Input"}}]}],"styleClass":[{"__symbolic":"property","decorators":[{"__symbolic":"call","expression":{"__symbolic":"reference","module":"@angular/core","name":"Input"}}]}],"paginatorPosition":[{"__symbolic":"property","decorators":[{"__symbolic":"call","expression":{"__symbolic":"reference","module":"@angular/core","name":"Input"}}]}],"emptyMessage":[{"__symbolic":"property","decorators":[{"__symbolic":"call","expression":{"__symbolic":"reference","module":"@angular/core","name":"Input"}}]}],"alwaysShowPaginator":[{"__symbolic":"property","decorators":[{"__symbolic":"call","expression":{"__symbolic":"reference","module":"@angular/core","name":"Input"}}]}],"trackBy":[{"__symbolic":"property","decorators":[{"__symbolic":"call","expression":{"__symbolic":"reference","module":"@angular/core","name":"Input"}}]}],"immutable":[{"__symbolic":"property","decorators":[{"__symbolic":"call","expression":{"__symbolic":"reference","module":"@angular/core","name":"Input"}}]}],"onPage":[{"__symbolic":"property","decorators":[{"__symbolic":"call","expression":{"__symbolic":"reference","module":"@angular/core","name":"Output"}}]}],"header":[{"__symbolic":"property","decorators":[{"__symbolic":"call","expression":{"__symbolic":"reference","module":"@angular/core","name":"ContentChild"},"arguments":[{"__symbolic":"reference","module":"../common/shared","name":"Header"}]}]}],"footer":[{"__symbolic":"property","decorators":[{"__symbolic":"call","expression":{"__symbolic":"reference","module":"@angular/core","name":"ContentChild"},"arguments":[{"__symbolic":"reference","module":"../common/shared","name":"Footer"}]}]}],"templates":[{"__symbolic":"property","decorators":[{"__symbolic":"call","expression":{"__symbolic":"reference","module":"@angular/core","name":"ContentChildren"},"arguments":[{"__symbolic":"reference","module":"../common/shared","name":"PrimeTemplate"}]}]}],"__ctor__":[{"__symbolic":"constructor","parameters":[{"__symbolic":"reference","module":"@angular/core","name":"ElementRef"},{"__symbolic":"reference","module":"@angular/core","name":"IterableDiffers"}]}],"ngAfterContentInit":[{"__symbolic":"method"}],"ngAfterViewInit":[{"__symbolic":"method"}],"value":[{"__symbolic":"property","decorators":[{"__symbolic":"call","expression":{"__symbolic":"reference","module":"@angular/core","name":"Input"}}]}],"handleDataChange":[{"__symbolic":"method"}],"ngDoCheck":[{"__symbolic":"method"}],"updatePaginator":[{"__symbolic":"method"}],"paginate":[{"__symbolic":"method"}],"updateDataToRender":[{"__symbolic":"method"}],"isEmpty":[{"__symbolic":"method"}],"createLazyLoadMetadata":[{"__symbolic":"method"}],"getBlockableElement":[{"__symbolic":"method"}]}},"DataListModule":{"__symbolic":"class","decorators":[{"__symbolic":"call","expression":{"__symbolic":"reference","module":"@angular/core","name":"NgModule"},"arguments":[{"imports":[{"__symbolic":"reference","module":"@angular/common","name":"CommonModule"},{"__symbolic":"reference","module":"../common/shared","name":"SharedModule"},{"__symbolic":"reference","module":"../paginator/paginator","name":"PaginatorModule"}],"exports":[{"__symbolic":"reference","name":"DataList"},{"__symbolic":"reference","module":"../common/shared","name":"SharedModule"}],"declarations":[{"__symbolic":"reference","name":"DataList"}]}]}]}}}]