[{"__symbolic":"module","version":3,"metadata":{"MegaMenu":{"__symbolic":"class","decorators":[{"__symbolic":"call","expression":{"__symbolic":"reference","module":"@angular/core","name":"Component"},"arguments":[{"selector":"p-megaMenu","template":"\n        <div [class]=\"styleClass\" [ngStyle]=\"style\"\n            [ngClass]=\"{'ui-menu ui-menubar ui-megamenu ui-widget ui-widget-content ui-corner-all ui-helper-clearfix':true,'ui-megamenu-vertical': orientation == 'vertical'}\">\n            <ul class=\"ui-menu-list ui-helper-reset ui-menubar-root-list\">\n                <ng-template ngFor let-category [ngForOf]=\"model\">\n                    <li *ngIf=\"category.separator\" class=\"ui-menu-separator ui-widget-content\">\n                    <li *ngIf=\"!category.separator\" #item [ngClass]=\"{'ui-menuitem ui-widget ui-corner-all':true,'ui-menu-parent':category.items,'ui-menuitem-active':item==activeItem}\"\n                        (mouseenter)=\"onItemMouseEnter($event, item, category)\" (mouseleave)=\"onItemMouseLeave($event, item)\">\n                        <a class=\"ui-menuitem-link ui-corner-all ui-submenu-link\" [ngClass]=\"{'ui-state-disabled':category.disabled}\">\n                            <span class=\"ui-menuitem-icon fa fa-fw\" [ngClass]=\"category.icon\"></span>\n                            <span class=\"ui-menuitem-text\">{{category.label}}</span>\n                            <span class=\"ui-submenu-icon fa fa-fw\" [ngClass]=\"{'fa-caret-down':orientation=='horizontal','fa-caret-right':orientation=='vertical'}\"></span>\n                        </a>\n                        <div class=\"ui-megamenu-panel ui-widget-content ui-menu-list ui-corner-all ui-helper-clearfix ui-menu-child ui-shadow\">\n                            <div class=\"ui-g\">\n                                <ng-template ngFor let-column [ngForOf]=\"category.items\">\n                                    <div [class]=\"getColumnClass(category)\">\n                                        <ng-template ngFor let-submenu [ngForOf]=\"column\">\n                                            <ul class=\"ui-menu-list ui-helper-reset\">\n                                                <li class=\"ui-widget-header ui-corner-all\"><h3>{{submenu.label}}</h3></li>\n                                                <ng-template ngFor let-item [ngForOf]=\"submenu.items\">\n                                                    <li *ngIf=\"item.separator\" class=\"ui-menu-separator ui-widget-content\">\n                                                    <li *ngIf=\"!item.separator\" class=\"ui-menuitem ui-widget ui-corner-all\">\n                                                        <a *ngIf=\"!item.routerLink\" [href]=\"item.url||'#'\" class=\"ui-menuitem-link ui-corner-all\" [attr.target]=\"item.target\"\n                                                            [ngClass]=\"{'ui-state-disabled':item.disabled}\" (click)=\"itemClick($event, item)\">\n                                                            <span class=\"ui-menuitem-icon fa fa-fw\" *ngIf=\"item.icon\" [ngClass]=\"item.icon\"></span>\n                                                            <span class=\"ui-menuitem-text\">{{item.label}}</span>\n                                                        </a>\n                                                        <a *ngIf=\"item.routerLink\" [routerLink]=\"item.routerLink\" [routerLinkActive]=\"'ui-state-active'\" [routerLinkActiveOptions]=\"item.routerLinkActiveOptions||{exact:false}\" class=\"ui-menuitem-link ui-corner-all\" [attr.target]=\"item.target\"\n                                                            [ngClass]=\"{'ui-state-disabled':item.disabled}\" (click)=\"itemClick($event, item)\">\n                                                            <span class=\"ui-menuitem-icon fa fa-fw\" *ngIf=\"item.icon\" [ngClass]=\"item.icon\"></span>\n                                                            <span class=\"ui-menuitem-text\">{{item.label}}</span>\n                                                        </a>\n                                                    </li>\n                                                </ng-template>\n                                            </ul>\n                                        </ng-template>\n                                    </div>\n                                </ng-template>\n                            </div>\n                        </div>\n                    </li>\n                </ng-template>\n                <li class=\"ui-menuitem ui-menuitem-custom ui-widget ui-corner-all\" *ngIf=\"orientation === 'horizontal'\">\n                    <ng-content></ng-content>\n                </li>\n            </ul>\n        </div>\n    ","providers":[{"__symbolic":"reference","module":"../dom/domhandler","name":"DomHandler"}]}]}],"members":{"model":[{"__symbolic":"property","decorators":[{"__symbolic":"call","expression":{"__symbolic":"reference","module":"@angular/core","name":"Input"}}]}],"style":[{"__symbolic":"property","decorators":[{"__symbolic":"call","expression":{"__symbolic":"reference","module":"@angular/core","name":"Input"}}]}],"styleClass":[{"__symbolic":"property","decorators":[{"__symbolic":"call","expression":{"__symbolic":"reference","module":"@angular/core","name":"Input"}}]}],"orientation":[{"__symbolic":"property","decorators":[{"__symbolic":"call","expression":{"__symbolic":"reference","module":"@angular/core","name":"Input"}}]}],"__ctor__":[{"__symbolic":"constructor","parameters":[{"__symbolic":"reference","module":"@angular/core","name":"ElementRef"},{"__symbolic":"reference","module":"../dom/domhandler","name":"DomHandler"},{"__symbolic":"reference","module":"@angular/core","name":"Renderer2"}]}],"onItemMouseEnter":[{"__symbolic":"method"}],"onItemMouseLeave":[{"__symbolic":"method"}],"itemClick":[{"__symbolic":"method"}],"getColumnClass":[{"__symbolic":"method"}]}},"MegaMenuModule":{"__symbolic":"class","decorators":[{"__symbolic":"call","expression":{"__symbolic":"reference","module":"@angular/core","name":"NgModule"},"arguments":[{"imports":[{"__symbolic":"reference","module":"@angular/common","name":"CommonModule"},{"__symbolic":"reference","module":"@angular/router","name":"RouterModule"}],"exports":[{"__symbolic":"reference","name":"MegaMenu"},{"__symbolic":"reference","module":"@angular/router","name":"RouterModule"}],"declarations":[{"__symbolic":"reference","name":"MegaMenu"}]}]}]}}},{"__symbolic":"module","version":1,"metadata":{"MegaMenu":{"__symbolic":"class","decorators":[{"__symbolic":"call","expression":{"__symbolic":"reference","module":"@angular/core","name":"Component"},"arguments":[{"selector":"p-megaMenu","template":"\n        <div [class]=\"styleClass\" [ngStyle]=\"style\"\n            [ngClass]=\"{'ui-menu ui-menubar ui-megamenu ui-widget ui-widget-content ui-corner-all ui-helper-clearfix':true,'ui-megamenu-vertical': orientation == 'vertical'}\">\n            <ul class=\"ui-menu-list ui-helper-reset ui-menubar-root-list\">\n                <ng-template ngFor let-category [ngForOf]=\"model\">\n                    <li *ngIf=\"category.separator\" class=\"ui-menu-separator ui-widget-content\">\n                    <li *ngIf=\"!category.separator\" #item [ngClass]=\"{'ui-menuitem ui-widget ui-corner-all':true,'ui-menu-parent':category.items,'ui-menuitem-active':item==activeItem}\"\n                        (mouseenter)=\"onItemMouseEnter($event, item, category)\" (mouseleave)=\"onItemMouseLeave($event, item)\">\n                        <a class=\"ui-menuitem-link ui-corner-all ui-submenu-link\" [ngClass]=\"{'ui-state-disabled':category.disabled}\">\n                            <span class=\"ui-menuitem-icon fa fa-fw\" [ngClass]=\"category.icon\"></span>\n                            <span class=\"ui-menuitem-text\">{{category.label}}</span>\n                            <span class=\"ui-submenu-icon fa fa-fw\" [ngClass]=\"{'fa-caret-down':orientation=='horizontal','fa-caret-right':orientation=='vertical'}\"></span>\n                        </a>\n                        <div class=\"ui-megamenu-panel ui-widget-content ui-menu-list ui-corner-all ui-helper-clearfix ui-menu-child ui-shadow\">\n                            <div class=\"ui-g\">\n                                <ng-template ngFor let-column [ngForOf]=\"category.items\">\n                                    <div [class]=\"getColumnClass(category)\">\n                                        <ng-template ngFor let-submenu [ngForOf]=\"column\">\n                                            <ul class=\"ui-menu-list ui-helper-reset\">\n                                                <li class=\"ui-widget-header ui-corner-all\"><h3>{{submenu.label}}</h3></li>\n                                                <ng-template ngFor let-item [ngForOf]=\"submenu.items\">\n                                                    <li *ngIf=\"item.separator\" class=\"ui-menu-separator ui-widget-content\">\n                                                    <li *ngIf=\"!item.separator\" class=\"ui-menuitem ui-widget ui-corner-all\">\n                                                        <a *ngIf=\"!item.routerLink\" [href]=\"item.url||'#'\" class=\"ui-menuitem-link ui-corner-all\" [attr.target]=\"item.target\"\n                                                            [ngClass]=\"{'ui-state-disabled':item.disabled}\" (click)=\"itemClick($event, item)\">\n                                                            <span class=\"ui-menuitem-icon fa fa-fw\" *ngIf=\"item.icon\" [ngClass]=\"item.icon\"></span>\n                                                            <span class=\"ui-menuitem-text\">{{item.label}}</span>\n                                                        </a>\n                                                        <a *ngIf=\"item.routerLink\" [routerLink]=\"item.routerLink\" [routerLinkActive]=\"'ui-state-active'\" [routerLinkActiveOptions]=\"item.routerLinkActiveOptions||{exact:false}\" class=\"ui-menuitem-link ui-corner-all\" [attr.target]=\"item.target\"\n                                                            [ngClass]=\"{'ui-state-disabled':item.disabled}\" (click)=\"itemClick($event, item)\">\n                                                            <span class=\"ui-menuitem-icon fa fa-fw\" *ngIf=\"item.icon\" [ngClass]=\"item.icon\"></span>\n                                                            <span class=\"ui-menuitem-text\">{{item.label}}</span>\n                                                        </a>\n                                                    </li>\n                                                </ng-template>\n                                            </ul>\n                                        </ng-template>\n                                    </div>\n                                </ng-template>\n                            </div>\n                        </div>\n                    </li>\n                </ng-template>\n                <li class=\"ui-menuitem ui-menuitem-custom ui-widget ui-corner-all\" *ngIf=\"orientation === 'horizontal'\">\n                    <ng-content></ng-content>\n                </li>\n            </ul>\n        </div>\n    ","providers":[{"__symbolic":"reference","module":"../dom/domhandler","name":"DomHandler"}]}]}],"members":{"model":[{"__symbolic":"property","decorators":[{"__symbolic":"call","expression":{"__symbolic":"reference","module":"@angular/core","name":"Input"}}]}],"style":[{"__symbolic":"property","decorators":[{"__symbolic":"call","expression":{"__symbolic":"reference","module":"@angular/core","name":"Input"}}]}],"styleClass":[{"__symbolic":"property","decorators":[{"__symbolic":"call","expression":{"__symbolic":"reference","module":"@angular/core","name":"Input"}}]}],"orientation":[{"__symbolic":"property","decorators":[{"__symbolic":"call","expression":{"__symbolic":"reference","module":"@angular/core","name":"Input"}}]}],"__ctor__":[{"__symbolic":"constructor","parameters":[{"__symbolic":"reference","module":"@angular/core","name":"ElementRef"},{"__symbolic":"reference","module":"../dom/domhandler","name":"DomHandler"},{"__symbolic":"reference","module":"@angular/core","name":"Renderer2"}]}],"onItemMouseEnter":[{"__symbolic":"method"}],"onItemMouseLeave":[{"__symbolic":"method"}],"itemClick":[{"__symbolic":"method"}],"getColumnClass":[{"__symbolic":"method"}]}},"MegaMenuModule":{"__symbolic":"class","decorators":[{"__symbolic":"call","expression":{"__symbolic":"reference","module":"@angular/core","name":"NgModule"},"arguments":[{"imports":[{"__symbolic":"reference","module":"@angular/common","name":"CommonModule"},{"__symbolic":"reference","module":"@angular/router","name":"RouterModule"}],"exports":[{"__symbolic":"reference","name":"MegaMenu"},{"__symbolic":"reference","module":"@angular/router","name":"RouterModule"}],"declarations":[{"__symbolic":"reference","name":"MegaMenu"}]}]}]}}}]