[{"__symbolic":"module","version":3,"metadata":{"TreeNodeTemplateLoader":{"__symbolic":"class","decorators":[{"__symbolic":"call","expression":{"__symbolic":"reference","module":"@angular/core","name":"Component"},"arguments":[{"selector":"p-treeNodeTemplateLoader","template":""}]}],"members":{"node":[{"__symbolic":"property","decorators":[{"__symbolic":"call","expression":{"__symbolic":"reference","module":"@angular/core","name":"Input"}}]}],"template":[{"__symbolic":"property","decorators":[{"__symbolic":"call","expression":{"__symbolic":"reference","module":"@angular/core","name":"Input"}}]}],"__ctor__":[{"__symbolic":"constructor","parameters":[{"__symbolic":"reference","module":"@angular/core","name":"ViewContainerRef"}]}],"ngOnInit":[{"__symbolic":"method"}],"ngOnDestroy":[{"__symbolic":"method"}]}},"UITreeNode":{"__symbolic":"class","decorators":[{"__symbolic":"call","expression":{"__symbolic":"reference","module":"@angular/core","name":"Component"},"arguments":[{"selector":"p-treeNode","template":"\n        <ng-template [ngIf]=\"node\">\n            <li *ngIf=\"tree.droppableNodes\" class=\"ui-treenode-droppoint\" [ngClass]=\"{'ui-treenode-droppoint-active ui-state-highlight':draghoverPrev}\"\n            (drop)=\"onDropPoint($event,-1)\" (dragover)=\"onDropPointDragOver($event)\" (dragenter)=\"onDropPointDragEnter($event,-1)\" (dragleave)=\"onDropPointDragLeave($event)\"></li>\n            <li class=\"ui-treenode {{node.styleClass}}\" *ngIf=\"!tree.horizontal\" [ngClass]=\"{'ui-treenode-leaf': isLeaf()}\">\n                <div class=\"ui-treenode-content\" (click)=\"onNodeClick($event)\" (contextmenu)=\"onNodeRightClick($event)\" (touchend)=\"onNodeTouchEnd()\"\n                    (drop)=\"onDropNode($event)\" (dragover)=\"onDropNodeDragOver($event)\" (dragenter)=\"onDropNodeDragEnter($event)\" (dragleave)=\"onDropNodeDragLeave($event)\"\n                    [ngClass]=\"{'ui-treenode-selectable':tree.selectionMode && node.selectable !== false,'ui-treenode-dragover':draghoverNode}\" [draggable]=\"tree.draggableNodes\" (dragstart)=\"onDragStart($event)\" (dragend)=\"onDragStop($event)\">\n                    <span class=\"ui-tree-toggler  fa fa-fw\" [ngClass]=\"{'fa-caret-right':!node.expanded,'fa-caret-down':node.expanded}\"\n                            (click)=\"toggle($event)\"></span\n                    ><div class=\"ui-chkbox\" *ngIf=\"tree.selectionMode == 'checkbox'\"><div class=\"ui-chkbox-box ui-widget ui-corner-all ui-state-default\">\n                        <span class=\"ui-chkbox-icon ui-clickable fa\" \n                            [ngClass]=\"{'fa-check':isSelected(),'fa-minus':node.partialSelected}\"></span></div></div\n                    ><span [class]=\"getIcon()\" *ngIf=\"node.icon||node.expandedIcon||node.collapsedIcon\"></span\n                    ><span class=\"ui-treenode-label ui-corner-all\" \n                        [ngClass]=\"{'ui-state-highlight':isSelected()}\">\n                            <span *ngIf=\"!tree.getTemplateForNode(node)\">{{node.label}}</span>\n                            <span *ngIf=\"tree.getTemplateForNode(node)\">\n                                <p-treeNodeTemplateLoader [node]=\"node\" [template]=\"tree.getTemplateForNode(node)\"></p-treeNodeTemplateLoader>\n                            </span>\n                    </span>\n                </div>\n                <ul class=\"ui-treenode-children\" style=\"display: none;\" *ngIf=\"node.children && node.expanded\" [style.display]=\"node.expanded ? 'block' : 'none'\">\n                    <p-treeNode *ngFor=\"let childNode of node.children;let firstChild=first;let lastChild=last; let index=index\" [node]=\"childNode\" [parentNode]=\"node\"\n                        [firstChild]=\"firstChild\" [lastChild]=\"lastChild\" [index]=\"index\"></p-treeNode>\n                </ul>\n            </li>\n            <li *ngIf=\"tree.droppableNodes&&lastChild\" class=\"ui-treenode-droppoint\" [ngClass]=\"{'ui-treenode-droppoint-active ui-state-highlight':draghoverNext}\"\n            (drop)=\"onDropPoint($event,1)\" (dragover)=\"onDropPointDragOver($event)\" (dragenter)=\"onDropPointDragEnter($event,1)\" (dragleave)=\"onDropPointDragLeave($event)\"></li>\n            <table *ngIf=\"tree.horizontal\" [class]=\"node.styleClass\">\n                <tbody>\n                    <tr>\n                        <td class=\"ui-treenode-connector\" *ngIf=\"!root\">\n                            <table class=\"ui-treenode-connector-table\">\n                                <tbody>\n                                    <tr>\n                                        <td [ngClass]=\"{'ui-treenode-connector-line':!firstChild}\"></td>\n                                    </tr>\n                                    <tr>\n                                        <td [ngClass]=\"{'ui-treenode-connector-line':!lastChild}\"></td>\n                                    </tr>\n                                </tbody>\n                            </table>\n                        </td>\n                        <td class=\"ui-treenode\" [ngClass]=\"{'ui-treenode-collapsed':!node.expanded}\">\n                            <div class=\"ui-treenode-content ui-state-default ui-corner-all\" \n                                [ngClass]=\"{'ui-treenode-selectable':tree.selectionMode,'ui-state-highlight':isSelected()}\" (click)=\"onNodeClick($event)\" (contextmenu)=\"onNodeRightClick($event)\"\n                                (touchend)=\"onNodeTouchEnd()\">\n                                <span class=\"ui-tree-toggler fa fa-fw\" [ngClass]=\"{'fa-plus':!node.expanded,'fa-minus':node.expanded}\" *ngIf=\"!isLeaf()\"\n                                        (click)=\"toggle($event)\"></span\n                                ><span [class]=\"getIcon()\" *ngIf=\"node.icon||node.expandedIcon||node.collapsedIcon\"></span\n                                ><span class=\"ui-treenode-label ui-corner-all\">\n                                        <span *ngIf=\"!tree.getTemplateForNode(node)\">{{node.label}}</span>\n                                        <span *ngIf=\"tree.getTemplateForNode(node)\">\n                                            <p-treeNodeTemplateLoader [node]=\"node\" [template]=\"tree.getTemplateForNode(node)\"></p-treeNodeTemplateLoader>\n                                        </span>\n                                </span>\n                            </div>\n                        </td>\n                        <td class=\"ui-treenode-children-container\" *ngIf=\"node.children && node.expanded\" [style.display]=\"node.expanded ? 'table-cell' : 'none'\">\n                            <div class=\"ui-treenode-children\">\n                                <p-treeNode *ngFor=\"let childNode of node.children;let firstChild=first;let lastChild=last;\" [node]=\"childNode\" \n                                        [firstChild]=\"firstChild\" [lastChild]=\"lastChild\"></p-treeNode>\n                            </div>\n                        </td>\n                    </tr>\n                </tbody>\n            </table>\n        </ng-template>\n    "}]}],"members":{"node":[{"__symbolic":"property","decorators":[{"__symbolic":"call","expression":{"__symbolic":"reference","module":"@angular/core","name":"Input"}}]}],"parentNode":[{"__symbolic":"property","decorators":[{"__symbolic":"call","expression":{"__symbolic":"reference","module":"@angular/core","name":"Input"}}]}],"root":[{"__symbolic":"property","decorators":[{"__symbolic":"call","expression":{"__symbolic":"reference","module":"@angular/core","name":"Input"}}]}],"index":[{"__symbolic":"property","decorators":[{"__symbolic":"call","expression":{"__symbolic":"reference","module":"@angular/core","name":"Input"}}]}],"firstChild":[{"__symbolic":"property","decorators":[{"__symbolic":"call","expression":{"__symbolic":"reference","module":"@angular/core","name":"Input"}}]}],"lastChild":[{"__symbolic":"property","decorators":[{"__symbolic":"call","expression":{"__symbolic":"reference","module":"@angular/core","name":"Input"}}]}],"__ctor__":[{"__symbolic":"constructor","parameterDecorators":[[{"__symbolic":"call","expression":{"__symbolic":"reference","module":"@angular/core","name":"Inject"},"arguments":[{"__symbolic":"reference","name":"Tree"}]}]],"parameters":[{"__symbolic":"reference","name":"Tree"}]}],"ngOnInit":[{"__symbolic":"method"}],"getIcon":[{"__symbolic":"method"}],"isLeaf":[{"__symbolic":"method"}],"toggle":[{"__symbolic":"method"}],"onNodeClick":[{"__symbolic":"method"}],"onNodeTouchEnd":[{"__symbolic":"method"}],"onNodeRightClick":[{"__symbolic":"method"}],"isSelected":[{"__symbolic":"method"}],"onDropPoint":[{"__symbolic":"method"}],"onDropPointDragOver":[{"__symbolic":"method"}],"onDropPointDragEnter":[{"__symbolic":"method"}],"onDropPointDragLeave":[{"__symbolic":"method"}],"onDragStart":[{"__symbolic":"method"}],"onDragStop":[{"__symbolic":"method"}],"onDropNodeDragOver":[{"__symbolic":"method"}],"onDropNode":[{"__symbolic":"method"}],"onDropNodeDragEnter":[{"__symbolic":"method"}],"onDropNodeDragLeave":[{"__symbolic":"method"}]},"statics":{"ICON_CLASS":"ui-treenode-icon fa fa-fw"}},"Tree":{"__symbolic":"class","decorators":[{"__symbolic":"call","expression":{"__symbolic":"reference","module":"@angular/core","name":"Component"},"arguments":[{"selector":"p-tree","template":"\n        <div [ngClass]=\"{'ui-tree ui-widget ui-widget-content ui-corner-all':true,'ui-tree-selectable':selectionMode,'ui-treenode-dragover':dragHover}\" [ngStyle]=\"style\" [class]=\"styleClass\" *ngIf=\"!horizontal\"\n            (drop)=\"onDrop($event)\" (dragover)=\"onDragOver($event)\" (dragenter)=\"onDragEnter($event)\" (dragleave)=\"onDragLeave($event)\">\n            <ul class=\"ui-tree-container\">\n                <p-treeNode *ngFor=\"let node of value;let firstChild=first;let lastChild=last; let index=index\" [node]=\"node\" \n                [firstChild]=\"firstChild\" [lastChild]=\"lastChild\" [index]=\"index\"></p-treeNode>\n            </ul>\n        </div>\n        <div [ngClass]=\"{'ui-tree ui-tree-horizontal ui-widget ui-widget-content ui-corner-all':true,'ui-tree-selectable':selectionMode}\"  [ngStyle]=\"style\" [class]=\"styleClass\" *ngIf=\"horizontal\">\n            <table *ngIf=\"value&&value[0]\">\n                <p-treeNode [node]=\"value[0]\" [root]=\"true\"></p-treeNode>\n            </table>\n        </div>\n    "}]}],"members":{"value":[{"__symbolic":"property","decorators":[{"__symbolic":"call","expression":{"__symbolic":"reference","module":"@angular/core","name":"Input"}}]}],"selectionMode":[{"__symbolic":"property","decorators":[{"__symbolic":"call","expression":{"__symbolic":"reference","module":"@angular/core","name":"Input"}}]}],"selection":[{"__symbolic":"property","decorators":[{"__symbolic":"call","expression":{"__symbolic":"reference","module":"@angular/core","name":"Input"}}]}],"selectionChange":[{"__symbolic":"property","decorators":[{"__symbolic":"call","expression":{"__symbolic":"reference","module":"@angular/core","name":"Output"}}]}],"onNodeSelect":[{"__symbolic":"property","decorators":[{"__symbolic":"call","expression":{"__symbolic":"reference","module":"@angular/core","name":"Output"}}]}],"onNodeUnselect":[{"__symbolic":"property","decorators":[{"__symbolic":"call","expression":{"__symbolic":"reference","module":"@angular/core","name":"Output"}}]}],"onNodeExpand":[{"__symbolic":"property","decorators":[{"__symbolic":"call","expression":{"__symbolic":"reference","module":"@angular/core","name":"Output"}}]}],"onNodeCollapse":[{"__symbolic":"property","decorators":[{"__symbolic":"call","expression":{"__symbolic":"reference","module":"@angular/core","name":"Output"}}]}],"onNodeContextMenuSelect":[{"__symbolic":"property","decorators":[{"__symbolic":"call","expression":{"__symbolic":"reference","module":"@angular/core","name":"Output"}}]}],"onNodeDrop":[{"__symbolic":"property","decorators":[{"__symbolic":"call","expression":{"__symbolic":"reference","module":"@angular/core","name":"Output"}}]}],"style":[{"__symbolic":"property","decorators":[{"__symbolic":"call","expression":{"__symbolic":"reference","module":"@angular/core","name":"Input"}}]}],"styleClass":[{"__symbolic":"property","decorators":[{"__symbolic":"call","expression":{"__symbolic":"reference","module":"@angular/core","name":"Input"}}]}],"contextMenu":[{"__symbolic":"property","decorators":[{"__symbolic":"call","expression":{"__symbolic":"reference","module":"@angular/core","name":"Input"}}]}],"layout":[{"__symbolic":"property","decorators":[{"__symbolic":"call","expression":{"__symbolic":"reference","module":"@angular/core","name":"Input"}}]}],"draggableScope":[{"__symbolic":"property","decorators":[{"__symbolic":"call","expression":{"__symbolic":"reference","module":"@angular/core","name":"Input"}}]}],"droppableScope":[{"__symbolic":"property","decorators":[{"__symbolic":"call","expression":{"__symbolic":"reference","module":"@angular/core","name":"Input"}}]}],"draggableNodes":[{"__symbolic":"property","decorators":[{"__symbolic":"call","expression":{"__symbolic":"reference","module":"@angular/core","name":"Input"}}]}],"droppableNodes":[{"__symbolic":"property","decorators":[{"__symbolic":"call","expression":{"__symbolic":"reference","module":"@angular/core","name":"Input"}}]}],"metaKeySelection":[{"__symbolic":"property","decorators":[{"__symbolic":"call","expression":{"__symbolic":"reference","module":"@angular/core","name":"Input"}}]}],"propagateSelectionUp":[{"__symbolic":"property","decorators":[{"__symbolic":"call","expression":{"__symbolic":"reference","module":"@angular/core","name":"Input"}}]}],"propagateSelectionDown":[{"__symbolic":"property","decorators":[{"__symbolic":"call","expression":{"__symbolic":"reference","module":"@angular/core","name":"Input"}}]}],"templates":[{"__symbolic":"property","decorators":[{"__symbolic":"call","expression":{"__symbolic":"reference","module":"@angular/core","name":"ContentChildren"},"arguments":[{"__symbolic":"reference","module":"../common/shared","name":"PrimeTemplate"}]}]}],"__ctor__":[{"__symbolic":"constructor","parameterDecorators":[[{"__symbolic":"call","expression":{"__symbolic":"reference","module":"@angular/core","name":"Optional"}}]],"parameters":[{"__symbolic":"reference","module":"../common/treedragdropservice","name":"TreeDragDropService"}]}],"ngOnInit":[{"__symbolic":"method"}],"ngAfterContentInit":[{"__symbolic":"method"}],"onNodeClick":[{"__symbolic":"method"}],"onNodeTouchEnd":[{"__symbolic":"method"}],"onNodeRightClick":[{"__symbolic":"method"}],"findIndexInSelection":[{"__symbolic":"method"}],"propagateUp":[{"__symbolic":"method"}],"propagateDown":[{"__symbolic":"method"}],"isSelected":[{"__symbolic":"method"}],"isSingleSelectionMode":[{"__symbolic":"method"}],"isMultipleSelectionMode":[{"__symbolic":"method"}],"isCheckboxSelectionMode":[{"__symbolic":"method"}],"getTemplateForNode":[{"__symbolic":"method"}],"onDragOver":[{"__symbolic":"method"}],"onDrop":[{"__symbolic":"method"}],"onDragEnter":[{"__symbolic":"method"}],"onDragLeave":[{"__symbolic":"method"}],"allowDrop":[{"__symbolic":"method"}],"isValidDragScope":[{"__symbolic":"method"}],"ngOnDestroy":[{"__symbolic":"method"}]}},"TreeModule":{"__symbolic":"class","decorators":[{"__symbolic":"call","expression":{"__symbolic":"reference","module":"@angular/core","name":"NgModule"},"arguments":[{"imports":[{"__symbolic":"reference","module":"@angular/common","name":"CommonModule"}],"exports":[{"__symbolic":"reference","name":"Tree"},{"__symbolic":"reference","module":"../common/shared","name":"SharedModule"}],"declarations":[{"__symbolic":"reference","name":"Tree"},{"__symbolic":"reference","name":"UITreeNode"},{"__symbolic":"reference","name":"TreeNodeTemplateLoader"}]}]}]}}},{"__symbolic":"module","version":1,"metadata":{"TreeNodeTemplateLoader":{"__symbolic":"class","decorators":[{"__symbolic":"call","expression":{"__symbolic":"reference","module":"@angular/core","name":"Component"},"arguments":[{"selector":"p-treeNodeTemplateLoader","template":""}]}],"members":{"node":[{"__symbolic":"property","decorators":[{"__symbolic":"call","expression":{"__symbolic":"reference","module":"@angular/core","name":"Input"}}]}],"template":[{"__symbolic":"property","decorators":[{"__symbolic":"call","expression":{"__symbolic":"reference","module":"@angular/core","name":"Input"}}]}],"__ctor__":[{"__symbolic":"constructor","parameters":[{"__symbolic":"reference","module":"@angular/core","name":"ViewContainerRef"}]}],"ngOnInit":[{"__symbolic":"method"}],"ngOnDestroy":[{"__symbolic":"method"}]}},"UITreeNode":{"__symbolic":"class","decorators":[{"__symbolic":"call","expression":{"__symbolic":"reference","module":"@angular/core","name":"Component"},"arguments":[{"selector":"p-treeNode","template":"\n        <ng-template [ngIf]=\"node\">\n            <li *ngIf=\"tree.droppableNodes\" class=\"ui-treenode-droppoint\" [ngClass]=\"{'ui-treenode-droppoint-active ui-state-highlight':draghoverPrev}\"\n            (drop)=\"onDropPoint($event,-1)\" (dragover)=\"onDropPointDragOver($event)\" (dragenter)=\"onDropPointDragEnter($event,-1)\" (dragleave)=\"onDropPointDragLeave($event)\"></li>\n            <li class=\"ui-treenode {{node.styleClass}}\" *ngIf=\"!tree.horizontal\" [ngClass]=\"{'ui-treenode-leaf': isLeaf()}\">\n                <div class=\"ui-treenode-content\" (click)=\"onNodeClick($event)\" (contextmenu)=\"onNodeRightClick($event)\" (touchend)=\"onNodeTouchEnd()\"\n                    (drop)=\"onDropNode($event)\" (dragover)=\"onDropNodeDragOver($event)\" (dragenter)=\"onDropNodeDragEnter($event)\" (dragleave)=\"onDropNodeDragLeave($event)\"\n                    [ngClass]=\"{'ui-treenode-selectable':tree.selectionMode && node.selectable !== false,'ui-treenode-dragover':draghoverNode}\" [draggable]=\"tree.draggableNodes\" (dragstart)=\"onDragStart($event)\" (dragend)=\"onDragStop($event)\">\n                    <span class=\"ui-tree-toggler  fa fa-fw\" [ngClass]=\"{'fa-caret-right':!node.expanded,'fa-caret-down':node.expanded}\"\n                            (click)=\"toggle($event)\"></span\n                    ><div class=\"ui-chkbox\" *ngIf=\"tree.selectionMode == 'checkbox'\"><div class=\"ui-chkbox-box ui-widget ui-corner-all ui-state-default\">\n                        <span class=\"ui-chkbox-icon ui-clickable fa\" \n                            [ngClass]=\"{'fa-check':isSelected(),'fa-minus':node.partialSelected}\"></span></div></div\n                    ><span [class]=\"getIcon()\" *ngIf=\"node.icon||node.expandedIcon||node.collapsedIcon\"></span\n                    ><span class=\"ui-treenode-label ui-corner-all\" \n                        [ngClass]=\"{'ui-state-highlight':isSelected()}\">\n                            <span *ngIf=\"!tree.getTemplateForNode(node)\">{{node.label}}</span>\n                            <span *ngIf=\"tree.getTemplateForNode(node)\">\n                                <p-treeNodeTemplateLoader [node]=\"node\" [template]=\"tree.getTemplateForNode(node)\"></p-treeNodeTemplateLoader>\n                            </span>\n                    </span>\n                </div>\n                <ul class=\"ui-treenode-children\" style=\"display: none;\" *ngIf=\"node.children && node.expanded\" [style.display]=\"node.expanded ? 'block' : 'none'\">\n                    <p-treeNode *ngFor=\"let childNode of node.children;let firstChild=first;let lastChild=last; let index=index\" [node]=\"childNode\" [parentNode]=\"node\"\n                        [firstChild]=\"firstChild\" [lastChild]=\"lastChild\" [index]=\"index\"></p-treeNode>\n                </ul>\n            </li>\n            <li *ngIf=\"tree.droppableNodes&&lastChild\" class=\"ui-treenode-droppoint\" [ngClass]=\"{'ui-treenode-droppoint-active ui-state-highlight':draghoverNext}\"\n            (drop)=\"onDropPoint($event,1)\" (dragover)=\"onDropPointDragOver($event)\" (dragenter)=\"onDropPointDragEnter($event,1)\" (dragleave)=\"onDropPointDragLeave($event)\"></li>\n            <table *ngIf=\"tree.horizontal\" [class]=\"node.styleClass\">\n                <tbody>\n                    <tr>\n                        <td class=\"ui-treenode-connector\" *ngIf=\"!root\">\n                            <table class=\"ui-treenode-connector-table\">\n                                <tbody>\n                                    <tr>\n                                        <td [ngClass]=\"{'ui-treenode-connector-line':!firstChild}\"></td>\n                                    </tr>\n                                    <tr>\n                                        <td [ngClass]=\"{'ui-treenode-connector-line':!lastChild}\"></td>\n                                    </tr>\n                                </tbody>\n                            </table>\n                        </td>\n                        <td class=\"ui-treenode\" [ngClass]=\"{'ui-treenode-collapsed':!node.expanded}\">\n                            <div class=\"ui-treenode-content ui-state-default ui-corner-all\" \n                                [ngClass]=\"{'ui-treenode-selectable':tree.selectionMode,'ui-state-highlight':isSelected()}\" (click)=\"onNodeClick($event)\" (contextmenu)=\"onNodeRightClick($event)\"\n                                (touchend)=\"onNodeTouchEnd()\">\n                                <span class=\"ui-tree-toggler fa fa-fw\" [ngClass]=\"{'fa-plus':!node.expanded,'fa-minus':node.expanded}\" *ngIf=\"!isLeaf()\"\n                                        (click)=\"toggle($event)\"></span\n                                ><span [class]=\"getIcon()\" *ngIf=\"node.icon||node.expandedIcon||node.collapsedIcon\"></span\n                                ><span class=\"ui-treenode-label ui-corner-all\">\n                                        <span *ngIf=\"!tree.getTemplateForNode(node)\">{{node.label}}</span>\n                                        <span *ngIf=\"tree.getTemplateForNode(node)\">\n                                            <p-treeNodeTemplateLoader [node]=\"node\" [template]=\"tree.getTemplateForNode(node)\"></p-treeNodeTemplateLoader>\n                                        </span>\n                                </span>\n                            </div>\n                        </td>\n                        <td class=\"ui-treenode-children-container\" *ngIf=\"node.children && node.expanded\" [style.display]=\"node.expanded ? 'table-cell' : 'none'\">\n                            <div class=\"ui-treenode-children\">\n                                <p-treeNode *ngFor=\"let childNode of node.children;let firstChild=first;let lastChild=last;\" [node]=\"childNode\" \n                                        [firstChild]=\"firstChild\" [lastChild]=\"lastChild\"></p-treeNode>\n                            </div>\n                        </td>\n                    </tr>\n                </tbody>\n            </table>\n        </ng-template>\n    "}]}],"members":{"node":[{"__symbolic":"property","decorators":[{"__symbolic":"call","expression":{"__symbolic":"reference","module":"@angular/core","name":"Input"}}]}],"parentNode":[{"__symbolic":"property","decorators":[{"__symbolic":"call","expression":{"__symbolic":"reference","module":"@angular/core","name":"Input"}}]}],"root":[{"__symbolic":"property","decorators":[{"__symbolic":"call","expression":{"__symbolic":"reference","module":"@angular/core","name":"Input"}}]}],"index":[{"__symbolic":"property","decorators":[{"__symbolic":"call","expression":{"__symbolic":"reference","module":"@angular/core","name":"Input"}}]}],"firstChild":[{"__symbolic":"property","decorators":[{"__symbolic":"call","expression":{"__symbolic":"reference","module":"@angular/core","name":"Input"}}]}],"lastChild":[{"__symbolic":"property","decorators":[{"__symbolic":"call","expression":{"__symbolic":"reference","module":"@angular/core","name":"Input"}}]}],"__ctor__":[{"__symbolic":"constructor","parameterDecorators":[[{"__symbolic":"call","expression":{"__symbolic":"reference","module":"@angular/core","name":"Inject"},"arguments":[{"__symbolic":"reference","name":"Tree"}]}]],"parameters":[{"__symbolic":"reference","name":"Tree"}]}],"ngOnInit":[{"__symbolic":"method"}],"getIcon":[{"__symbolic":"method"}],"isLeaf":[{"__symbolic":"method"}],"toggle":[{"__symbolic":"method"}],"onNodeClick":[{"__symbolic":"method"}],"onNodeTouchEnd":[{"__symbolic":"method"}],"onNodeRightClick":[{"__symbolic":"method"}],"isSelected":[{"__symbolic":"method"}],"onDropPoint":[{"__symbolic":"method"}],"onDropPointDragOver":[{"__symbolic":"method"}],"onDropPointDragEnter":[{"__symbolic":"method"}],"onDropPointDragLeave":[{"__symbolic":"method"}],"onDragStart":[{"__symbolic":"method"}],"onDragStop":[{"__symbolic":"method"}],"onDropNodeDragOver":[{"__symbolic":"method"}],"onDropNode":[{"__symbolic":"method"}],"onDropNodeDragEnter":[{"__symbolic":"method"}],"onDropNodeDragLeave":[{"__symbolic":"method"}]},"statics":{"ICON_CLASS":"ui-treenode-icon fa fa-fw"}},"Tree":{"__symbolic":"class","decorators":[{"__symbolic":"call","expression":{"__symbolic":"reference","module":"@angular/core","name":"Component"},"arguments":[{"selector":"p-tree","template":"\n        <div [ngClass]=\"{'ui-tree ui-widget ui-widget-content ui-corner-all':true,'ui-tree-selectable':selectionMode,'ui-treenode-dragover':dragHover}\" [ngStyle]=\"style\" [class]=\"styleClass\" *ngIf=\"!horizontal\"\n            (drop)=\"onDrop($event)\" (dragover)=\"onDragOver($event)\" (dragenter)=\"onDragEnter($event)\" (dragleave)=\"onDragLeave($event)\">\n            <ul class=\"ui-tree-container\">\n                <p-treeNode *ngFor=\"let node of value;let firstChild=first;let lastChild=last; let index=index\" [node]=\"node\" \n                [firstChild]=\"firstChild\" [lastChild]=\"lastChild\" [index]=\"index\"></p-treeNode>\n            </ul>\n        </div>\n        <div [ngClass]=\"{'ui-tree ui-tree-horizontal ui-widget ui-widget-content ui-corner-all':true,'ui-tree-selectable':selectionMode}\"  [ngStyle]=\"style\" [class]=\"styleClass\" *ngIf=\"horizontal\">\n            <table *ngIf=\"value&&value[0]\">\n                <p-treeNode [node]=\"value[0]\" [root]=\"true\"></p-treeNode>\n            </table>\n        </div>\n    "}]}],"members":{"value":[{"__symbolic":"property","decorators":[{"__symbolic":"call","expression":{"__symbolic":"reference","module":"@angular/core","name":"Input"}}]}],"selectionMode":[{"__symbolic":"property","decorators":[{"__symbolic":"call","expression":{"__symbolic":"reference","module":"@angular/core","name":"Input"}}]}],"selection":[{"__symbolic":"property","decorators":[{"__symbolic":"call","expression":{"__symbolic":"reference","module":"@angular/core","name":"Input"}}]}],"selectionChange":[{"__symbolic":"property","decorators":[{"__symbolic":"call","expression":{"__symbolic":"reference","module":"@angular/core","name":"Output"}}]}],"onNodeSelect":[{"__symbolic":"property","decorators":[{"__symbolic":"call","expression":{"__symbolic":"reference","module":"@angular/core","name":"Output"}}]}],"onNodeUnselect":[{"__symbolic":"property","decorators":[{"__symbolic":"call","expression":{"__symbolic":"reference","module":"@angular/core","name":"Output"}}]}],"onNodeExpand":[{"__symbolic":"property","decorators":[{"__symbolic":"call","expression":{"__symbolic":"reference","module":"@angular/core","name":"Output"}}]}],"onNodeCollapse":[{"__symbolic":"property","decorators":[{"__symbolic":"call","expression":{"__symbolic":"reference","module":"@angular/core","name":"Output"}}]}],"onNodeContextMenuSelect":[{"__symbolic":"property","decorators":[{"__symbolic":"call","expression":{"__symbolic":"reference","module":"@angular/core","name":"Output"}}]}],"onNodeDrop":[{"__symbolic":"property","decorators":[{"__symbolic":"call","expression":{"__symbolic":"reference","module":"@angular/core","name":"Output"}}]}],"style":[{"__symbolic":"property","decorators":[{"__symbolic":"call","expression":{"__symbolic":"reference","module":"@angular/core","name":"Input"}}]}],"styleClass":[{"__symbolic":"property","decorators":[{"__symbolic":"call","expression":{"__symbolic":"reference","module":"@angular/core","name":"Input"}}]}],"contextMenu":[{"__symbolic":"property","decorators":[{"__symbolic":"call","expression":{"__symbolic":"reference","module":"@angular/core","name":"Input"}}]}],"layout":[{"__symbolic":"property","decorators":[{"__symbolic":"call","expression":{"__symbolic":"reference","module":"@angular/core","name":"Input"}}]}],"draggableScope":[{"__symbolic":"property","decorators":[{"__symbolic":"call","expression":{"__symbolic":"reference","module":"@angular/core","name":"Input"}}]}],"droppableScope":[{"__symbolic":"property","decorators":[{"__symbolic":"call","expression":{"__symbolic":"reference","module":"@angular/core","name":"Input"}}]}],"draggableNodes":[{"__symbolic":"property","decorators":[{"__symbolic":"call","expression":{"__symbolic":"reference","module":"@angular/core","name":"Input"}}]}],"droppableNodes":[{"__symbolic":"property","decorators":[{"__symbolic":"call","expression":{"__symbolic":"reference","module":"@angular/core","name":"Input"}}]}],"metaKeySelection":[{"__symbolic":"property","decorators":[{"__symbolic":"call","expression":{"__symbolic":"reference","module":"@angular/core","name":"Input"}}]}],"propagateSelectionUp":[{"__symbolic":"property","decorators":[{"__symbolic":"call","expression":{"__symbolic":"reference","module":"@angular/core","name":"Input"}}]}],"propagateSelectionDown":[{"__symbolic":"property","decorators":[{"__symbolic":"call","expression":{"__symbolic":"reference","module":"@angular/core","name":"Input"}}]}],"templates":[{"__symbolic":"property","decorators":[{"__symbolic":"call","expression":{"__symbolic":"reference","module":"@angular/core","name":"ContentChildren"},"arguments":[{"__symbolic":"reference","module":"../common/shared","name":"PrimeTemplate"}]}]}],"__ctor__":[{"__symbolic":"constructor","parameterDecorators":[[{"__symbolic":"call","expression":{"__symbolic":"reference","module":"@angular/core","name":"Optional"}}]],"parameters":[{"__symbolic":"reference","module":"../common/treedragdropservice","name":"TreeDragDropService"}]}],"ngOnInit":[{"__symbolic":"method"}],"ngAfterContentInit":[{"__symbolic":"method"}],"onNodeClick":[{"__symbolic":"method"}],"onNodeTouchEnd":[{"__symbolic":"method"}],"onNodeRightClick":[{"__symbolic":"method"}],"findIndexInSelection":[{"__symbolic":"method"}],"propagateUp":[{"__symbolic":"method"}],"propagateDown":[{"__symbolic":"method"}],"isSelected":[{"__symbolic":"method"}],"isSingleSelectionMode":[{"__symbolic":"method"}],"isMultipleSelectionMode":[{"__symbolic":"method"}],"isCheckboxSelectionMode":[{"__symbolic":"method"}],"getTemplateForNode":[{"__symbolic":"method"}],"onDragOver":[{"__symbolic":"method"}],"onDrop":[{"__symbolic":"method"}],"onDragEnter":[{"__symbolic":"method"}],"onDragLeave":[{"__symbolic":"method"}],"allowDrop":[{"__symbolic":"method"}],"isValidDragScope":[{"__symbolic":"method"}],"ngOnDestroy":[{"__symbolic":"method"}]}},"TreeModule":{"__symbolic":"class","decorators":[{"__symbolic":"call","expression":{"__symbolic":"reference","module":"@angular/core","name":"NgModule"},"arguments":[{"imports":[{"__symbolic":"reference","module":"@angular/common","name":"CommonModule"}],"exports":[{"__symbolic":"reference","name":"Tree"},{"__symbolic":"reference","module":"../common/shared","name":"SharedModule"}],"declarations":[{"__symbolic":"reference","name":"Tree"},{"__symbolic":"reference","name":"UITreeNode"},{"__symbolic":"reference","name":"TreeNodeTemplateLoader"}]}]}]}}}]