[{"__symbolic":"module","version":3,"metadata":{"INPUTMASK_VALUE_ACCESSOR":{"provide":{"__symbolic":"reference","module":"@angular/forms","name":"NG_VALUE_ACCESSOR"},"useExisting":{"__symbolic":"reference","name":"InputMask"},"multi":true},"InputMask":{"__symbolic":"class","decorators":[{"__symbolic":"call","expression":{"__symbolic":"reference","module":"@angular/core","name":"Component"},"arguments":[{"selector":"p-inputMask","template":"<input #input pInputText [attr.id]=\"inputId\" [attr.type]=\"type\" [attr.name]=\"name\" [ngStyle]=\"style\" [ngClass]=\"styleClass\" [attr.placeholder]=\"placeholder\"\n        [attr.size]=\"size\" [attr.maxlength]=\"maxlength\" [attr.tabindex]=\"tabindex\" [disabled]=\"disabled\" [readonly]=\"readonly\"\n        (focus)=\"onFocus($event)\" (blur)=\"onInputBlur($event)\" (keydown)=\"onKeyDown($event)\" (keypress)=\"onKeyPress($event)\"\n        (input)=\"onInput($event)\" (paste)=\"handleInputChange($event)\">","host":{"[class.ui-inputwrapper-filled]":"filled","[class.ui-inputwrapper-focus]":"focus","$quoted$":["[class.ui-inputwrapper-filled]","[class.ui-inputwrapper-focus]"]},"providers":[{"__symbolic":"reference","name":"INPUTMASK_VALUE_ACCESSOR"},{"__symbolic":"reference","module":"../dom/domhandler","name":"DomHandler"}]}]}],"members":{"mask":[{"__symbolic":"property","decorators":[{"__symbolic":"call","expression":{"__symbolic":"reference","module":"@angular/core","name":"Input"}}]}],"type":[{"__symbolic":"property","decorators":[{"__symbolic":"call","expression":{"__symbolic":"reference","module":"@angular/core","name":"Input"}}]}],"slotChar":[{"__symbolic":"property","decorators":[{"__symbolic":"call","expression":{"__symbolic":"reference","module":"@angular/core","name":"Input"}}]}],"autoClear":[{"__symbolic":"property","decorators":[{"__symbolic":"call","expression":{"__symbolic":"reference","module":"@angular/core","name":"Input"}}]}],"style":[{"__symbolic":"property","decorators":[{"__symbolic":"call","expression":{"__symbolic":"reference","module":"@angular/core","name":"Input"}}]}],"inputId":[{"__symbolic":"property","decorators":[{"__symbolic":"call","expression":{"__symbolic":"reference","module":"@angular/core","name":"Input"}}]}],"styleClass":[{"__symbolic":"property","decorators":[{"__symbolic":"call","expression":{"__symbolic":"reference","module":"@angular/core","name":"Input"}}]}],"placeholder":[{"__symbolic":"property","decorators":[{"__symbolic":"call","expression":{"__symbolic":"reference","module":"@angular/core","name":"Input"}}]}],"size":[{"__symbolic":"property","decorators":[{"__symbolic":"call","expression":{"__symbolic":"reference","module":"@angular/core","name":"Input"}}]}],"maxlength":[{"__symbolic":"property","decorators":[{"__symbolic":"call","expression":{"__symbolic":"reference","module":"@angular/core","name":"Input"}}]}],"tabindex":[{"__symbolic":"property","decorators":[{"__symbolic":"call","expression":{"__symbolic":"reference","module":"@angular/core","name":"Input"}}]}],"disabled":[{"__symbolic":"property","decorators":[{"__symbolic":"call","expression":{"__symbolic":"reference","module":"@angular/core","name":"Input"}}]}],"readonly":[{"__symbolic":"property","decorators":[{"__symbolic":"call","expression":{"__symbolic":"reference","module":"@angular/core","name":"Input"}}]}],"unmask":[{"__symbolic":"property","decorators":[{"__symbolic":"call","expression":{"__symbolic":"reference","module":"@angular/core","name":"Input"}}]}],"name":[{"__symbolic":"property","decorators":[{"__symbolic":"call","expression":{"__symbolic":"reference","module":"@angular/core","name":"Input"}}]}],"inputViewChild":[{"__symbolic":"property","decorators":[{"__symbolic":"call","expression":{"__symbolic":"reference","module":"@angular/core","name":"ViewChild"},"arguments":["input"]}]}],"onComplete":[{"__symbolic":"property","decorators":[{"__symbolic":"call","expression":{"__symbolic":"reference","module":"@angular/core","name":"Output"}}]}],"onBlur":[{"__symbolic":"property","decorators":[{"__symbolic":"call","expression":{"__symbolic":"reference","module":"@angular/core","name":"Output"}}]}],"__ctor__":[{"__symbolic":"constructor","parameters":[{"__symbolic":"reference","module":"@angular/core","name":"ElementRef"},{"__symbolic":"reference","module":"../dom/domhandler","name":"DomHandler"}]}],"ngOnInit":[{"__symbolic":"method"}],"writeValue":[{"__symbolic":"method"}],"registerOnChange":[{"__symbolic":"method"}],"registerOnTouched":[{"__symbolic":"method"}],"setDisabledState":[{"__symbolic":"method"}],"caret":[{"__symbolic":"method"}],"isCompleted":[{"__symbolic":"method"}],"getPlaceholder":[{"__symbolic":"method"}],"seekNext":[{"__symbolic":"method"}],"seekPrev":[{"__symbolic":"method"}],"shiftL":[{"__symbolic":"method"}],"shiftR":[{"__symbolic":"method"}],"handleAndroidInput":[{"__symbolic":"method"}],"onInputBlur":[{"__symbolic":"method"}],"onKeyDown":[{"__symbolic":"method"}],"onKeyPress":[{"__symbolic":"method"}],"clearBuffer":[{"__symbolic":"method"}],"writeBuffer":[{"__symbolic":"method"}],"checkVal":[{"__symbolic":"method"}],"onFocus":[{"__symbolic":"method"}],"onInput":[{"__symbolic":"method"}],"handleInputChange":[{"__symbolic":"method"}],"getUnmaskedValue":[{"__symbolic":"method"}],"updateModel":[{"__symbolic":"method"}],"updateFilledState":[{"__symbolic":"method"}],"ngOnDestroy":[{"__symbolic":"method"}]}},"InputMaskModule":{"__symbolic":"class","decorators":[{"__symbolic":"call","expression":{"__symbolic":"reference","module":"@angular/core","name":"NgModule"},"arguments":[{"imports":[{"__symbolic":"reference","module":"@angular/common","name":"CommonModule"},{"__symbolic":"reference","module":"../inputtext/inputtext","name":"InputTextModule"}],"exports":[{"__symbolic":"reference","name":"InputMask"}],"declarations":[{"__symbolic":"reference","name":"InputMask"}]}]}]}}},{"__symbolic":"module","version":1,"metadata":{"INPUTMASK_VALUE_ACCESSOR":{"provide":{"__symbolic":"reference","module":"@angular/forms","name":"NG_VALUE_ACCESSOR"},"useExisting":{"__symbolic":"reference","name":"InputMask"},"multi":true},"InputMask":{"__symbolic":"class","decorators":[{"__symbolic":"call","expression":{"__symbolic":"reference","module":"@angular/core","name":"Component"},"arguments":[{"selector":"p-inputMask","template":"<input #input pInputText [attr.id]=\"inputId\" [attr.type]=\"type\" [attr.name]=\"name\" [ngStyle]=\"style\" [ngClass]=\"styleClass\" [attr.placeholder]=\"placeholder\"\n        [attr.size]=\"size\" [attr.maxlength]=\"maxlength\" [attr.tabindex]=\"tabindex\" [disabled]=\"disabled\" [readonly]=\"readonly\"\n        (focus)=\"onFocus($event)\" (blur)=\"onInputBlur($event)\" (keydown)=\"onKeyDown($event)\" (keypress)=\"onKeyPress($event)\"\n        (input)=\"onInput($event)\" (paste)=\"handleInputChange($event)\">","host":{"[class.ui-inputwrapper-filled]":"filled","[class.ui-inputwrapper-focus]":"focus"},"providers":[{"__symbolic":"reference","name":"INPUTMASK_VALUE_ACCESSOR"},{"__symbolic":"reference","module":"../dom/domhandler","name":"DomHandler"}]}]}],"members":{"mask":[{"__symbolic":"property","decorators":[{"__symbolic":"call","expression":{"__symbolic":"reference","module":"@angular/core","name":"Input"}}]}],"type":[{"__symbolic":"property","decorators":[{"__symbolic":"call","expression":{"__symbolic":"reference","module":"@angular/core","name":"Input"}}]}],"slotChar":[{"__symbolic":"property","decorators":[{"__symbolic":"call","expression":{"__symbolic":"reference","module":"@angular/core","name":"Input"}}]}],"autoClear":[{"__symbolic":"property","decorators":[{"__symbolic":"call","expression":{"__symbolic":"reference","module":"@angular/core","name":"Input"}}]}],"style":[{"__symbolic":"property","decorators":[{"__symbolic":"call","expression":{"__symbolic":"reference","module":"@angular/core","name":"Input"}}]}],"inputId":[{"__symbolic":"property","decorators":[{"__symbolic":"call","expression":{"__symbolic":"reference","module":"@angular/core","name":"Input"}}]}],"styleClass":[{"__symbolic":"property","decorators":[{"__symbolic":"call","expression":{"__symbolic":"reference","module":"@angular/core","name":"Input"}}]}],"placeholder":[{"__symbolic":"property","decorators":[{"__symbolic":"call","expression":{"__symbolic":"reference","module":"@angular/core","name":"Input"}}]}],"size":[{"__symbolic":"property","decorators":[{"__symbolic":"call","expression":{"__symbolic":"reference","module":"@angular/core","name":"Input"}}]}],"maxlength":[{"__symbolic":"property","decorators":[{"__symbolic":"call","expression":{"__symbolic":"reference","module":"@angular/core","name":"Input"}}]}],"tabindex":[{"__symbolic":"property","decorators":[{"__symbolic":"call","expression":{"__symbolic":"reference","module":"@angular/core","name":"Input"}}]}],"disabled":[{"__symbolic":"property","decorators":[{"__symbolic":"call","expression":{"__symbolic":"reference","module":"@angular/core","name":"Input"}}]}],"readonly":[{"__symbolic":"property","decorators":[{"__symbolic":"call","expression":{"__symbolic":"reference","module":"@angular/core","name":"Input"}}]}],"unmask":[{"__symbolic":"property","decorators":[{"__symbolic":"call","expression":{"__symbolic":"reference","module":"@angular/core","name":"Input"}}]}],"name":[{"__symbolic":"property","decorators":[{"__symbolic":"call","expression":{"__symbolic":"reference","module":"@angular/core","name":"Input"}}]}],"inputViewChild":[{"__symbolic":"property","decorators":[{"__symbolic":"call","expression":{"__symbolic":"reference","module":"@angular/core","name":"ViewChild"},"arguments":["input"]}]}],"onComplete":[{"__symbolic":"property","decorators":[{"__symbolic":"call","expression":{"__symbolic":"reference","module":"@angular/core","name":"Output"}}]}],"onBlur":[{"__symbolic":"property","decorators":[{"__symbolic":"call","expression":{"__symbolic":"reference","module":"@angular/core","name":"Output"}}]}],"__ctor__":[{"__symbolic":"constructor","parameters":[{"__symbolic":"reference","module":"@angular/core","name":"ElementRef"},{"__symbolic":"reference","module":"../dom/domhandler","name":"DomHandler"}]}],"ngOnInit":[{"__symbolic":"method"}],"writeValue":[{"__symbolic":"method"}],"registerOnChange":[{"__symbolic":"method"}],"registerOnTouched":[{"__symbolic":"method"}],"setDisabledState":[{"__symbolic":"method"}],"caret":[{"__symbolic":"method"}],"isCompleted":[{"__symbolic":"method"}],"getPlaceholder":[{"__symbolic":"method"}],"seekNext":[{"__symbolic":"method"}],"seekPrev":[{"__symbolic":"method"}],"shiftL":[{"__symbolic":"method"}],"shiftR":[{"__symbolic":"method"}],"handleAndroidInput":[{"__symbolic":"method"}],"onInputBlur":[{"__symbolic":"method"}],"onKeyDown":[{"__symbolic":"method"}],"onKeyPress":[{"__symbolic":"method"}],"clearBuffer":[{"__symbolic":"method"}],"writeBuffer":[{"__symbolic":"method"}],"checkVal":[{"__symbolic":"method"}],"onFocus":[{"__symbolic":"method"}],"onInput":[{"__symbolic":"method"}],"handleInputChange":[{"__symbolic":"method"}],"getUnmaskedValue":[{"__symbolic":"method"}],"updateModel":[{"__symbolic":"method"}],"updateFilledState":[{"__symbolic":"method"}],"ngOnDestroy":[{"__symbolic":"method"}]}},"InputMaskModule":{"__symbolic":"class","decorators":[{"__symbolic":"call","expression":{"__symbolic":"reference","module":"@angular/core","name":"NgModule"},"arguments":[{"imports":[{"__symbolic":"reference","module":"@angular/common","name":"CommonModule"},{"__symbolic":"reference","module":"../inputtext/inputtext","name":"InputTextModule"}],"exports":[{"__symbolic":"reference","name":"InputMask"}],"declarations":[{"__symbolic":"reference","name":"InputMask"}]}]}]}}}]