[{"__symbolic":"module","version":3,"metadata":{"RADIO_VALUE_ACCESSOR":{"provide":{"__symbolic":"reference","module":"@angular/forms","name":"NG_VALUE_ACCESSOR"},"useExisting":{"__symbolic":"reference","name":"RadioButton"},"multi":true},"RadioButton":{"__symbolic":"class","decorators":[{"__symbolic":"call","expression":{"__symbolic":"reference","module":"@angular/core","name":"Component"},"arguments":[{"selector":"p-radioButton","template":"\n        <div [ngStyle]=\"style\" [ngClass]=\"'ui-radiobutton ui-widget'\" [class]=\"styleClass\">\n            <div class=\"ui-helper-hidden-accessible\">\n                <input #rb type=\"radio\" [attr.id]=\"inputId\" [attr.name]=\"name\" [attr.value]=\"value\" [attr.tabindex]=\"tabindex\" \n                    [checked]=\"checked\" (change)=\"onChange($event)\" (focus)=\"onFocus($event)\" (blur)=\"onBlur($event)\">\n            </div>\n            <div (click)=\"handleClick()\"\n                [ngClass]=\"{'ui-radiobutton-box ui-widget ui-state-default':true,\n                'ui-state-active':rb.checked,'ui-state-disabled':disabled,'ui-state-focus':focused}\">\n                <span class=\"ui-radiobutton-icon ui-clickable\" [ngClass]=\"{'fa fa-circle':rb.checked}\"></span>\n            </div>\n        </div>\n        <label class=\"ui-radiobutton-label\" (click)=\"select()\" *ngIf=\"label\">{{label}}</label>\n    ","providers":[{"__symbolic":"reference","name":"RADIO_VALUE_ACCESSOR"}]}]}],"members":{"value":[{"__symbolic":"property","decorators":[{"__symbolic":"call","expression":{"__symbolic":"reference","module":"@angular/core","name":"Input"}}]}],"name":[{"__symbolic":"property","decorators":[{"__symbolic":"call","expression":{"__symbolic":"reference","module":"@angular/core","name":"Input"}}]}],"disabled":[{"__symbolic":"property","decorators":[{"__symbolic":"call","expression":{"__symbolic":"reference","module":"@angular/core","name":"Input"}}]}],"label":[{"__symbolic":"property","decorators":[{"__symbolic":"call","expression":{"__symbolic":"reference","module":"@angular/core","name":"Input"}}]}],"tabindex":[{"__symbolic":"property","decorators":[{"__symbolic":"call","expression":{"__symbolic":"reference","module":"@angular/core","name":"Input"}}]}],"inputId":[{"__symbolic":"property","decorators":[{"__symbolic":"call","expression":{"__symbolic":"reference","module":"@angular/core","name":"Input"}}]}],"style":[{"__symbolic":"property","decorators":[{"__symbolic":"call","expression":{"__symbolic":"reference","module":"@angular/core","name":"Input"}}]}],"styleClass":[{"__symbolic":"property","decorators":[{"__symbolic":"call","expression":{"__symbolic":"reference","module":"@angular/core","name":"Input"}}]}],"onClick":[{"__symbolic":"property","decorators":[{"__symbolic":"call","expression":{"__symbolic":"reference","module":"@angular/core","name":"Output"}}]}],"inputViewChild":[{"__symbolic":"property","decorators":[{"__symbolic":"call","expression":{"__symbolic":"reference","module":"@angular/core","name":"ViewChild"},"arguments":["rb"]}]}],"__ctor__":[{"__symbolic":"constructor","parameters":[{"__symbolic":"reference","module":"@angular/core","name":"ChangeDetectorRef"}]}],"handleClick":[{"__symbolic":"method"}],"select":[{"__symbolic":"method"}],"writeValue":[{"__symbolic":"method"}],"registerOnChange":[{"__symbolic":"method"}],"registerOnTouched":[{"__symbolic":"method"}],"setDisabledState":[{"__symbolic":"method"}],"onFocus":[{"__symbolic":"method"}],"onBlur":[{"__symbolic":"method"}],"onChange":[{"__symbolic":"method"}]}},"RadioButtonModule":{"__symbolic":"class","decorators":[{"__symbolic":"call","expression":{"__symbolic":"reference","module":"@angular/core","name":"NgModule"},"arguments":[{"imports":[{"__symbolic":"reference","module":"@angular/common","name":"CommonModule"}],"exports":[{"__symbolic":"reference","name":"RadioButton"}],"declarations":[{"__symbolic":"reference","name":"RadioButton"}]}]}]}}},{"__symbolic":"module","version":1,"metadata":{"RADIO_VALUE_ACCESSOR":{"provide":{"__symbolic":"reference","module":"@angular/forms","name":"NG_VALUE_ACCESSOR"},"useExisting":{"__symbolic":"reference","name":"RadioButton"},"multi":true},"RadioButton":{"__symbolic":"class","decorators":[{"__symbolic":"call","expression":{"__symbolic":"reference","module":"@angular/core","name":"Component"},"arguments":[{"selector":"p-radioButton","template":"\n        <div [ngStyle]=\"style\" [ngClass]=\"'ui-radiobutton ui-widget'\" [class]=\"styleClass\">\n            <div class=\"ui-helper-hidden-accessible\">\n                <input #rb type=\"radio\" [attr.id]=\"inputId\" [attr.name]=\"name\" [attr.value]=\"value\" [attr.tabindex]=\"tabindex\" \n                    [checked]=\"checked\" (change)=\"onChange($event)\" (focus)=\"onFocus($event)\" (blur)=\"onBlur($event)\">\n            </div>\n            <div (click)=\"handleClick()\"\n                [ngClass]=\"{'ui-radiobutton-box ui-widget ui-state-default':true,\n                'ui-state-active':rb.checked,'ui-state-disabled':disabled,'ui-state-focus':focused}\">\n                <span class=\"ui-radiobutton-icon ui-clickable\" [ngClass]=\"{'fa fa-circle':rb.checked}\"></span>\n            </div>\n        </div>\n        <label class=\"ui-radiobutton-label\" (click)=\"select()\" *ngIf=\"label\">{{label}}</label>\n    ","providers":[{"__symbolic":"reference","name":"RADIO_VALUE_ACCESSOR"}]}]}],"members":{"value":[{"__symbolic":"property","decorators":[{"__symbolic":"call","expression":{"__symbolic":"reference","module":"@angular/core","name":"Input"}}]}],"name":[{"__symbolic":"property","decorators":[{"__symbolic":"call","expression":{"__symbolic":"reference","module":"@angular/core","name":"Input"}}]}],"disabled":[{"__symbolic":"property","decorators":[{"__symbolic":"call","expression":{"__symbolic":"reference","module":"@angular/core","name":"Input"}}]}],"label":[{"__symbolic":"property","decorators":[{"__symbolic":"call","expression":{"__symbolic":"reference","module":"@angular/core","name":"Input"}}]}],"tabindex":[{"__symbolic":"property","decorators":[{"__symbolic":"call","expression":{"__symbolic":"reference","module":"@angular/core","name":"Input"}}]}],"inputId":[{"__symbolic":"property","decorators":[{"__symbolic":"call","expression":{"__symbolic":"reference","module":"@angular/core","name":"Input"}}]}],"style":[{"__symbolic":"property","decorators":[{"__symbolic":"call","expression":{"__symbolic":"reference","module":"@angular/core","name":"Input"}}]}],"styleClass":[{"__symbolic":"property","decorators":[{"__symbolic":"call","expression":{"__symbolic":"reference","module":"@angular/core","name":"Input"}}]}],"onClick":[{"__symbolic":"property","decorators":[{"__symbolic":"call","expression":{"__symbolic":"reference","module":"@angular/core","name":"Output"}}]}],"inputViewChild":[{"__symbolic":"property","decorators":[{"__symbolic":"call","expression":{"__symbolic":"reference","module":"@angular/core","name":"ViewChild"},"arguments":["rb"]}]}],"__ctor__":[{"__symbolic":"constructor","parameters":[{"__symbolic":"reference","module":"@angular/core","name":"ChangeDetectorRef"}]}],"handleClick":[{"__symbolic":"method"}],"select":[{"__symbolic":"method"}],"writeValue":[{"__symbolic":"method"}],"registerOnChange":[{"__symbolic":"method"}],"registerOnTouched":[{"__symbolic":"method"}],"setDisabledState":[{"__symbolic":"method"}],"onFocus":[{"__symbolic":"method"}],"onBlur":[{"__symbolic":"method"}],"onChange":[{"__symbolic":"method"}]}},"RadioButtonModule":{"__symbolic":"class","decorators":[{"__symbolic":"call","expression":{"__symbolic":"reference","module":"@angular/core","name":"NgModule"},"arguments":[{"imports":[{"__symbolic":"reference","module":"@angular/common","name":"CommonModule"}],"exports":[{"__symbolic":"reference","name":"RadioButton"}],"declarations":[{"__symbolic":"reference","name":"RadioButton"}]}]}]}}}]