[{"__symbolic":"module","version":3,"metadata":{"ConfirmDialog":{"__symbolic":"class","decorators":[{"__symbolic":"call","expression":{"__symbolic":"reference","module":"@angular/core","name":"Component"},"arguments":[{"selector":"p-confirmDialog","template":"\n        <div [ngClass]=\"{'ui-dialog ui-confirmdialog ui-widget ui-widget-content ui-corner-all ui-shadow':true,'ui-dialog-rtl':rtl}\" \n            [style.display]=\"visible ? 'block' : 'none'\" [style.width.px]=\"width\" [style.height.px]=\"height\" (mousedown)=\"moveOnTop()\" [@dialogState]=\"visible ? 'visible' : 'hidden'\">\n            <div class=\"ui-dialog-titlebar ui-widget-header ui-helper-clearfix ui-corner-top\">\n                <span class=\"ui-dialog-title\" *ngIf=\"header\">{{header}}</span>\n                <a *ngIf=\"closable\" [ngClass]=\"{'ui-dialog-titlebar-icon ui-dialog-titlebar-close ui-corner-all':true}\" href=\"#\" role=\"button\" (click)=\"close($event)\">\n                    <span class=\"fa fa-fw fa-close\"></span>\n                </a>\n            </div>\n            <div class=\"ui-dialog-content ui-widget-content\">\n                <i [class]=\"icon\"></i>\n                <span class=\"ui-confirmdialog-message\" [innerHTML]=\"message\"></span>\n            </div>\n            <div class=\"ui-dialog-footer ui-widget-content\" *ngIf=\"footer\">\n                <ng-content select=\"p-footer\"></ng-content>\n            </div>\n            <div class=\"ui-dialog-footer ui-widget-content\" *ngIf=\"!footer\">\n                <button type=\"button\" pButton [icon]=\"acceptIcon\" [label]=\"acceptLabel\" (click)=\"accept()\" *ngIf=\"acceptVisible\"></button>\n                <button type=\"button\" pButton [icon]=\"rejectIcon\" [label]=\"rejectLabel\" (click)=\"reject()\" *ngIf=\"rejectVisible\"></button>\n            </div>\n        </div>\n    ","animations":[{"__symbolic":"call","expression":{"__symbolic":"reference","module":"@angular/animations","name":"trigger"},"arguments":["dialogState",[{"__symbolic":"call","expression":{"__symbolic":"reference","module":"@angular/animations","name":"state"},"arguments":["hidden",{"__symbolic":"call","expression":{"__symbolic":"reference","module":"@angular/animations","name":"style"},"arguments":[{"opacity":0}]}]},{"__symbolic":"call","expression":{"__symbolic":"reference","module":"@angular/animations","name":"state"},"arguments":["visible",{"__symbolic":"call","expression":{"__symbolic":"reference","module":"@angular/animations","name":"style"},"arguments":[{"opacity":1}]}]},{"__symbolic":"call","expression":{"__symbolic":"reference","module":"@angular/animations","name":"transition"},"arguments":["visible => hidden",{"__symbolic":"call","expression":{"__symbolic":"reference","module":"@angular/animations","name":"animate"},"arguments":["400ms ease-in"]}]},{"__symbolic":"call","expression":{"__symbolic":"reference","module":"@angular/animations","name":"transition"},"arguments":["hidden => visible",{"__symbolic":"call","expression":{"__symbolic":"reference","module":"@angular/animations","name":"animate"},"arguments":["400ms ease-out"]}]}]]}],"providers":[{"__symbolic":"reference","module":"../dom/domhandler","name":"DomHandler"}]}]}],"members":{"header":[{"__symbolic":"property","decorators":[{"__symbolic":"call","expression":{"__symbolic":"reference","module":"@angular/core","name":"Input"}}]}],"icon":[{"__symbolic":"property","decorators":[{"__symbolic":"call","expression":{"__symbolic":"reference","module":"@angular/core","name":"Input"}}]}],"message":[{"__symbolic":"property","decorators":[{"__symbolic":"call","expression":{"__symbolic":"reference","module":"@angular/core","name":"Input"}}]}],"acceptIcon":[{"__symbolic":"property","decorators":[{"__symbolic":"call","expression":{"__symbolic":"reference","module":"@angular/core","name":"Input"}}]}],"acceptLabel":[{"__symbolic":"property","decorators":[{"__symbolic":"call","expression":{"__symbolic":"reference","module":"@angular/core","name":"Input"}}]}],"acceptVisible":[{"__symbolic":"property","decorators":[{"__symbolic":"call","expression":{"__symbolic":"reference","module":"@angular/core","name":"Input"}}]}],"rejectIcon":[{"__symbolic":"property","decorators":[{"__symbolic":"call","expression":{"__symbolic":"reference","module":"@angular/core","name":"Input"}}]}],"rejectLabel":[{"__symbolic":"property","decorators":[{"__symbolic":"call","expression":{"__symbolic":"reference","module":"@angular/core","name":"Input"}}]}],"rejectVisible":[{"__symbolic":"property","decorators":[{"__symbolic":"call","expression":{"__symbolic":"reference","module":"@angular/core","name":"Input"}}]}],"width":[{"__symbolic":"property","decorators":[{"__symbolic":"call","expression":{"__symbolic":"reference","module":"@angular/core","name":"Input"}}]}],"height":[{"__symbolic":"property","decorators":[{"__symbolic":"call","expression":{"__symbolic":"reference","module":"@angular/core","name":"Input"}}]}],"closeOnEscape":[{"__symbolic":"property","decorators":[{"__symbolic":"call","expression":{"__symbolic":"reference","module":"@angular/core","name":"Input"}}]}],"rtl":[{"__symbolic":"property","decorators":[{"__symbolic":"call","expression":{"__symbolic":"reference","module":"@angular/core","name":"Input"}}]}],"closable":[{"__symbolic":"property","decorators":[{"__symbolic":"call","expression":{"__symbolic":"reference","module":"@angular/core","name":"Input"}}]}],"responsive":[{"__symbolic":"property","decorators":[{"__symbolic":"call","expression":{"__symbolic":"reference","module":"@angular/core","name":"Input"}}]}],"appendTo":[{"__symbolic":"property","decorators":[{"__symbolic":"call","expression":{"__symbolic":"reference","module":"@angular/core","name":"Input"}}]}],"key":[{"__symbolic":"property","decorators":[{"__symbolic":"call","expression":{"__symbolic":"reference","module":"@angular/core","name":"Input"}}]}],"footer":[{"__symbolic":"property","decorators":[{"__symbolic":"call","expression":{"__symbolic":"reference","module":"@angular/core","name":"ContentChild"},"arguments":[{"__symbolic":"reference","module":"../common/shared","name":"Footer"}]}]}],"__ctor__":[{"__symbolic":"constructor","parameters":[{"__symbolic":"reference","module":"@angular/core","name":"ElementRef"},{"__symbolic":"reference","module":"../dom/domhandler","name":"DomHandler"},{"__symbolic":"reference","module":"@angular/core","name":"Renderer2"},{"__symbolic":"reference","module":"../common/confirmationservice","name":"ConfirmationService"}]}],"visible":[{"__symbolic":"property","decorators":[{"__symbolic":"call","expression":{"__symbolic":"reference","module":"@angular/core","name":"Input"}}]}],"ngAfterViewInit":[{"__symbolic":"method"}],"ngAfterViewChecked":[{"__symbolic":"method"}],"center":[{"__symbolic":"method"}],"enableModality":[{"__symbolic":"method"}],"disableModality":[{"__symbolic":"method"}],"close":[{"__symbolic":"method"}],"hide":[{"__symbolic":"method"}],"moveOnTop":[{"__symbolic":"method"}],"ngOnDestroy":[{"__symbolic":"method"}],"accept":[{"__symbolic":"method"}],"reject":[{"__symbolic":"method"}]}},"ConfirmDialogModule":{"__symbolic":"class","decorators":[{"__symbolic":"call","expression":{"__symbolic":"reference","module":"@angular/core","name":"NgModule"},"arguments":[{"imports":[{"__symbolic":"reference","module":"@angular/common","name":"CommonModule"},{"__symbolic":"reference","module":"../button/button","name":"ButtonModule"}],"exports":[{"__symbolic":"reference","name":"ConfirmDialog"},{"__symbolic":"reference","module":"../button/button","name":"ButtonModule"},{"__symbolic":"reference","module":"../common/shared","name":"SharedModule"}],"declarations":[{"__symbolic":"reference","name":"ConfirmDialog"}]}]}]}}},{"__symbolic":"module","version":1,"metadata":{"ConfirmDialog":{"__symbolic":"class","decorators":[{"__symbolic":"call","expression":{"__symbolic":"reference","module":"@angular/core","name":"Component"},"arguments":[{"selector":"p-confirmDialog","template":"\n        <div [ngClass]=\"{'ui-dialog ui-confirmdialog ui-widget ui-widget-content ui-corner-all ui-shadow':true,'ui-dialog-rtl':rtl}\" \n            [style.display]=\"visible ? 'block' : 'none'\" [style.width.px]=\"width\" [style.height.px]=\"height\" (mousedown)=\"moveOnTop()\" [@dialogState]=\"visible ? 'visible' : 'hidden'\">\n            <div class=\"ui-dialog-titlebar ui-widget-header ui-helper-clearfix ui-corner-top\">\n                <span class=\"ui-dialog-title\" *ngIf=\"header\">{{header}}</span>\n                <a *ngIf=\"closable\" [ngClass]=\"{'ui-dialog-titlebar-icon ui-dialog-titlebar-close ui-corner-all':true}\" href=\"#\" role=\"button\" (click)=\"close($event)\">\n                    <span class=\"fa fa-fw fa-close\"></span>\n                </a>\n            </div>\n            <div class=\"ui-dialog-content ui-widget-content\">\n                <i [class]=\"icon\"></i>\n                <span class=\"ui-confirmdialog-message\" [innerHTML]=\"message\"></span>\n            </div>\n            <div class=\"ui-dialog-footer ui-widget-content\" *ngIf=\"footer\">\n                <ng-content select=\"p-footer\"></ng-content>\n            </div>\n            <div class=\"ui-dialog-footer ui-widget-content\" *ngIf=\"!footer\">\n                <button type=\"button\" pButton [icon]=\"acceptIcon\" [label]=\"acceptLabel\" (click)=\"accept()\" *ngIf=\"acceptVisible\"></button>\n                <button type=\"button\" pButton [icon]=\"rejectIcon\" [label]=\"rejectLabel\" (click)=\"reject()\" *ngIf=\"rejectVisible\"></button>\n            </div>\n        </div>\n    ","animations":[{"__symbolic":"call","expression":{"__symbolic":"reference","module":"@angular/animations","name":"trigger"},"arguments":["dialogState",[{"__symbolic":"call","expression":{"__symbolic":"reference","module":"@angular/animations","name":"state"},"arguments":["hidden",{"__symbolic":"call","expression":{"__symbolic":"reference","module":"@angular/animations","name":"style"},"arguments":[{"opacity":0}]}]},{"__symbolic":"call","expression":{"__symbolic":"reference","module":"@angular/animations","name":"state"},"arguments":["visible",{"__symbolic":"call","expression":{"__symbolic":"reference","module":"@angular/animations","name":"style"},"arguments":[{"opacity":1}]}]},{"__symbolic":"call","expression":{"__symbolic":"reference","module":"@angular/animations","name":"transition"},"arguments":["visible => hidden",{"__symbolic":"call","expression":{"__symbolic":"reference","module":"@angular/animations","name":"animate"},"arguments":["400ms ease-in"]}]},{"__symbolic":"call","expression":{"__symbolic":"reference","module":"@angular/animations","name":"transition"},"arguments":["hidden => visible",{"__symbolic":"call","expression":{"__symbolic":"reference","module":"@angular/animations","name":"animate"},"arguments":["400ms ease-out"]}]}]]}],"providers":[{"__symbolic":"reference","module":"../dom/domhandler","name":"DomHandler"}]}]}],"members":{"header":[{"__symbolic":"property","decorators":[{"__symbolic":"call","expression":{"__symbolic":"reference","module":"@angular/core","name":"Input"}}]}],"icon":[{"__symbolic":"property","decorators":[{"__symbolic":"call","expression":{"__symbolic":"reference","module":"@angular/core","name":"Input"}}]}],"message":[{"__symbolic":"property","decorators":[{"__symbolic":"call","expression":{"__symbolic":"reference","module":"@angular/core","name":"Input"}}]}],"acceptIcon":[{"__symbolic":"property","decorators":[{"__symbolic":"call","expression":{"__symbolic":"reference","module":"@angular/core","name":"Input"}}]}],"acceptLabel":[{"__symbolic":"property","decorators":[{"__symbolic":"call","expression":{"__symbolic":"reference","module":"@angular/core","name":"Input"}}]}],"acceptVisible":[{"__symbolic":"property","decorators":[{"__symbolic":"call","expression":{"__symbolic":"reference","module":"@angular/core","name":"Input"}}]}],"rejectIcon":[{"__symbolic":"property","decorators":[{"__symbolic":"call","expression":{"__symbolic":"reference","module":"@angular/core","name":"Input"}}]}],"rejectLabel":[{"__symbolic":"property","decorators":[{"__symbolic":"call","expression":{"__symbolic":"reference","module":"@angular/core","name":"Input"}}]}],"rejectVisible":[{"__symbolic":"property","decorators":[{"__symbolic":"call","expression":{"__symbolic":"reference","module":"@angular/core","name":"Input"}}]}],"width":[{"__symbolic":"property","decorators":[{"__symbolic":"call","expression":{"__symbolic":"reference","module":"@angular/core","name":"Input"}}]}],"height":[{"__symbolic":"property","decorators":[{"__symbolic":"call","expression":{"__symbolic":"reference","module":"@angular/core","name":"Input"}}]}],"closeOnEscape":[{"__symbolic":"property","decorators":[{"__symbolic":"call","expression":{"__symbolic":"reference","module":"@angular/core","name":"Input"}}]}],"rtl":[{"__symbolic":"property","decorators":[{"__symbolic":"call","expression":{"__symbolic":"reference","module":"@angular/core","name":"Input"}}]}],"closable":[{"__symbolic":"property","decorators":[{"__symbolic":"call","expression":{"__symbolic":"reference","module":"@angular/core","name":"Input"}}]}],"responsive":[{"__symbolic":"property","decorators":[{"__symbolic":"call","expression":{"__symbolic":"reference","module":"@angular/core","name":"Input"}}]}],"appendTo":[{"__symbolic":"property","decorators":[{"__symbolic":"call","expression":{"__symbolic":"reference","module":"@angular/core","name":"Input"}}]}],"key":[{"__symbolic":"property","decorators":[{"__symbolic":"call","expression":{"__symbolic":"reference","module":"@angular/core","name":"Input"}}]}],"footer":[{"__symbolic":"property","decorators":[{"__symbolic":"call","expression":{"__symbolic":"reference","module":"@angular/core","name":"ContentChild"},"arguments":[{"__symbolic":"reference","module":"../common/shared","name":"Footer"}]}]}],"__ctor__":[{"__symbolic":"constructor","parameters":[{"__symbolic":"reference","module":"@angular/core","name":"ElementRef"},{"__symbolic":"reference","module":"../dom/domhandler","name":"DomHandler"},{"__symbolic":"reference","module":"@angular/core","name":"Renderer2"},{"__symbolic":"reference","module":"../common/confirmationservice","name":"ConfirmationService"}]}],"visible":[{"__symbolic":"property","decorators":[{"__symbolic":"call","expression":{"__symbolic":"reference","module":"@angular/core","name":"Input"}}]}],"ngAfterViewInit":[{"__symbolic":"method"}],"ngAfterViewChecked":[{"__symbolic":"method"}],"center":[{"__symbolic":"method"}],"enableModality":[{"__symbolic":"method"}],"disableModality":[{"__symbolic":"method"}],"close":[{"__symbolic":"method"}],"hide":[{"__symbolic":"method"}],"moveOnTop":[{"__symbolic":"method"}],"ngOnDestroy":[{"__symbolic":"method"}],"accept":[{"__symbolic":"method"}],"reject":[{"__symbolic":"method"}]}},"ConfirmDialogModule":{"__symbolic":"class","decorators":[{"__symbolic":"call","expression":{"__symbolic":"reference","module":"@angular/core","name":"NgModule"},"arguments":[{"imports":[{"__symbolic":"reference","module":"@angular/common","name":"CommonModule"},{"__symbolic":"reference","module":"../button/button","name":"ButtonModule"}],"exports":[{"__symbolic":"reference","name":"ConfirmDialog"},{"__symbolic":"reference","module":"../button/button","name":"ButtonModule"},{"__symbolic":"reference","module":"../common/shared","name":"SharedModule"}],"declarations":[{"__symbolic":"reference","name":"ConfirmDialog"}]}]}]}}}]