{
	"reasonsForCustomerVisit": [{
		"reasonCode": "ACCTMNTN",
		"reasonText": "ACCOUNT MAINTENANCE",
		"subreasons": [{
			"reasonCode": "CHGADDRPH",
			"reasonText": "Change address/phone/email"
		},
		{
			"reasonCode": "ADDSGNR",
			"reasonText": "Add signer"
		},
		{
			"reasonCode": "CHGNM",
			"reasonText": "Change name"
		},
		{
			"reasonCode": "DECPROC",
			"reasonText": "Deceased processing"
		},
		{
			"reasonCode": "ODP",
			"reasonText": "Overdraft protection"
		},
		{
			"reasonCode": "OTH",
			"reasonText": "Other"
		}]
	},
	{
		"reasonCode": "ATM",
		"reasonText": "DEBIT/ATM CARDS",
		"subreasons": [{
			"reasonCode": "CHGPIN",
			"reasonText": "Change PIN"
		},
		{
			"reasonCode": "RPLCCD",
			"reasonText": "Replace card"
		},
		{
			"reasonCode": "ISSCD",
			"reasonText": "Issue card"
		},
		{
			"reasonCode": "CLSCD",
			"reasonText": "Close card"
		},
		{
			"reasonCode": "OTH",
			"reasonText": "Other"
		}]
	},
	{
		"reasonCode": "CONS",
		"reasonText": "CONSUMER ACCOUNTS",
		"subreasons": [{
			"reasonCode": "OPNACCT",
			"reasonText": "Open account"
		},
		{
			"reasonCode": "CLSACCT",
			"reasonText": "Close account"
		},
		{
			"reasonCode": "RVWFIN",
			"reasonText": "Review financials"
		},
		{
			"reasonCode": "OTH",
			"reasonText": "Other"
		}]
	},
	{
		"reasonCode": "SMBUS",
		"reasonText": "SMALL BUSINESS",
		"subreasons": [{
			"reasonCode": "OPNACCT",
			"reasonText": "Open account"
		},
		{
			"reasonCode": "CLSACCT",
			"reasonText": "Close account"
		},
		{
			"reasonCode": "MNTNACCT",
			"reasonText": "Maintain account"
		},
		{
			"reasonCode": "BUSDIR",
			"reasonText": "Business loan"
		},
		{
			"reasonCode": "OTH",
			"reasonText": "Other"
		}]
	},
	{
		"reasonCode": "CRED",
		"reasonText": "CREDIT",
		"subreasons": [{
			"reasonCode": "CC",
			"reasonText": "Credit card"
		},
		{
			"reasonCode": "HEQ",
			"reasonText": "Home equity"
		},
		{
			"reasonCode": "PLL",
			"reasonText": "Consumer loan"
		},
		{
			"reasonCode": "AF",
			"reasonText": "Auto loan"
		},
		{
			"reasonCode": "BUSDRCT",
			"reasonText": "Business loan"
		},
		{
			"reasonCode": "OTH",
			"reasonText": "Other"
		}]
	},
	{
		"reasonCode": "PRT",
		"reasonText": "PARTNERS",
		"subreasons": [{
			"reasonCode": "BB",
			"reasonText": "Business banking"
		},
		{
			"reasonCode": "MRTG",
			"reasonText": "Home mortgage"
		},
		{
			"reasonCode": "FA",
			"reasonText": "Financial Advisor"
		},
		{
			"reasonCode": "INS",
			"reasonText": "Consumer insurance"
		},
		{
			"reasonCode": "STDL",
			"reasonText": "Student loan"
		},
		{
			"reasonCode": "OTH",
			"reasonText": "Other"
		}]
	},
	{
		"reasonCode": "SR",
		"reasonText": "SERVICES",
		"subreasons": [{
			"reasonCode": "STMT",
			"reasonText": "Statements"
		},
		{
			"reasonCode": "CHKORDR",
			"reasonText": "Check orders"
		},
		{
			"reasonCode": "NTRY",
			"reasonText": "Notary"
		},
		{
			"reasonCode": "MDSTMP",
			"reasonText": "Medallion"
		},
		{
			"reasonCode": "INSCHK",
			"reasonText": "Insurance check"
		},
		{
			"reasonCode": "SFDEP",
			"reasonText": "Safe deposit box"
		}]
	},
	{
		"reasonCode": "MBLON",
		"reasonText": "MOBILE/ONLINE",
		"subreasons": [{
			"reasonCode": "MBL",
			"reasonText": "Mobile"
		},
		{
			"reasonCode": "ON",
			"reasonText": "Online"
		},
		{
			"reasonCode": "OTH",
			"reasonText": "Other"
		}]
	},
	{
		"reasonCode": "LOSS",
		"reasonText": "FRAUD/LOST/STOLEN",
		"subreasons": [{
			"reasonCode": "UNAUTHTRNS",
			"reasonText": "Unauthorized transactions"
		},
		{
			"reasonCode": "LSTSTLN",
			"reasonText": "Lost/stolen"
		},
		{
			"reasonCode": "OTH",
			"reasonText": "Other"
		}]
	},
	{
		"reasonCode": "WIRERMT",
		"reasonText": "WIRES/REMITTANCES",
		"subreasons": [{
			"reasonCode": "WIRE",
			"reasonText": "Wires"
		},
		{
			"reasonCode": "RMT",
			"reasonText": "Remittances"
		},
		{
			"reasonCode": "OTH",
			"reasonText": "Other"
		}]
	},
	{
		"reasonCode": "GEN",
		"reasonText": "GENERAL",
		"subreasons": [{
			"reasonCode": "ACCT",
			"reasonText": "Accounts"
		},
		{
			"reasonCode": "RATE",
			"reasonText": "Rates"
		},
		{
			"reasonCode": "MGR",
			"reasonText": "Speak to a Manager"
		},
		{
			"reasonCode": "OTH",
			"reasonText": "Other"
		}]
	},
	{
		"reasonCode": "FEE",
		"reasonText": "FEES",
		"subreasons": [{
			"reasonCode": "OD",
			"reasonText": "Overdraft"
		},
		{
			"reasonCode": "SR",
			"reasonText": "Service"
		},
		{
			"reasonCode": "OTH",
			"reasonText": "Other"
		}]
	}],
	"reasonsForGuestVisit": [{
		"reasonCode": "CONS",
		"reasonText": "CONSUMER ACCOUNTS",
		"subreasons": [{
			"reasonCode": "OPNACCT",
			"reasonText": "Open account"
		},
		{
			"reasonCode": "OTH",
			"reasonText": "Other"
		}]
	},
	{
		"reasonCode": "SMBUS",
		"reasonText": "SMALL BUSINESS",
		"subreasons": [{
			"reasonCode": "OPNACCT",
			"reasonText": "Open acct"
		},
		{
			"reasonCode": "BUSDIR",
			"reasonText": "Business loan/line"
		},
		{
			"reasonCode": "OTH",
			"reasonText": "Other"
		}]
	},
	{
		"reasonCode": "CRED",
		"reasonText": "CREDIT",
		"subreasons": [{
			"reasonCode": "CC",
			"reasonText": "Credit card"
		},
		{
			"reasonCode": "PLL",
			"reasonText": "Consumer loan/line"
		},
		{
			"reasonCode": "HEQ",
			"reasonText": "Home equity"
		},
		{
			"reasonCode": "AF",
			"reasonText": "Auto loan"
		},
		{
			"reasonCode": "BUSDRCT",
			"reasonText": "Business loan"
		},
		{
			"reasonCode": "OTH",
			"reasonText": "Other"
		}]
	},
	{
		"reasonCode": "PRT",
		"reasonText": "PARTNERS",
		"subreasons": [{
			"reasonCode": "BB",
			"reasonText": "Business banking"
		},
		{
			"reasonCode": "MRTG",
			"reasonText": "Home mortgage"
		},
		{
			"reasonCode": "FA",
			"reasonText": "Financial advisor"
		},
		{
			"reasonCode": "INS",
			"reasonText": "Consumer insurance"
		},
		{
			"reasonCode": "STDL",
			"reasonText": "Student loan"
		},
		{
			"reasonCode": "OTH",
			"reasonText": "Other"
		}]
	},
	{
		"reasonCode": "GEN",
		"reasonText": "GENERAL",
		"subreasons": [{
			"reasonCode": "NTRY",
			"reasonText": "Notary"
		},
		{
			"reasonCode": "DECPROC",
			"reasonText": "Deceased processing"
		},
		{
			"reasonCode": "MGR",
			"reasonText": "Speak to a Manager"
		},
		{
			"reasonCode": "RATE",
			"reasonText": "Rates"
		},
		{
			"reasonCode": "ACCT",
			"reasonText": "Account Information"
		},
		{
			"reasonCode": "OTH",
			"reasonText": "Other"
		}]
	}]
}